id,name,domain_type,tld_managers
domain_name_aaa,"aaa","generic","American Automobile Association, Inc."
domain_name_aarp,"aarp","generic","AARP"
domain_name_abarth,"abarth","generic","Fiat Chrysler Automobiles N.V."
domain_name_abb,"abb","generic","ABB Ltd"
domain_name_abbott,"abbott","generic","Abbott Laboratories, Inc."
domain_name_abbvie,"abbvie","generic","AbbVie Inc."
domain_name_abc,"abc","generic","Disney Enterprises, Inc."
domain_name_able,"able","generic","Able Inc."
domain_name_abogado,"abogado","generic","Registry Services, LLC"
domain_name_abudhabi,"abudhabi","generic","Abu Dhabi Systems and Information Centre"
domain_name_ac,"ac","country-code","Internet Computer Bureau Limited"
domain_name_academy,"academy","generic","Binky Moon, LLC"
domain_name_accenture,"accenture","generic","Accenture plc"
domain_name_accountant,"accountant","generic","dot Accountant Limited"
domain_name_accountants,"accountants","generic","Binky Moon, LLC"
domain_name_aco,"aco","generic","ACO Severin Ahlmann GmbH & Co. KG"
domain_name_active,"active","generic","Not assigned"
domain_name_actor,"actor","generic","Dog Beach, LLC"
domain_name_ad,"ad","country-code","Andorra Telecom"
domain_name_adac,"adac","generic","Not assigned"
domain_name_ads,"ads","generic","Charleston Road Registry Inc."
domain_name_adult,"adult","generic","ICM Registry AD LLC"
domain_name_ae,"ae","country-code","Telecommunications and Digital Government Regulatory Authority (TDRA)"
domain_name_aeg,"aeg","generic","Aktiebolaget Electrolux"
domain_name_aero,"aero","sponsored","Societe Internationale de Telecommunications Aeronautique (SITA INC USA)"
domain_name_aetna,"aetna","generic","Aetna Life Insurance Company"
domain_name_af,"af","country-code","Ministry of Communications and IT"
domain_name_afamilycompany,"afamilycompany","generic","Not assigned"
domain_name_afl,"afl","generic","Australian Football League"
domain_name_africa,"africa","generic","ZA Central Registry NPC trading as Registry.Africa"
domain_name_ag,"ag","country-code","UHSA School of Medicine"
domain_name_agakhan,"agakhan","generic","Fondation Aga Khan (Aga Khan Foundation)"
domain_name_agency,"agency","generic","Binky Moon, LLC"
domain_name_ai,"ai","country-code","Government of Anguilla"
domain_name_aig,"aig","generic","American International Group, Inc."
domain_name_aigo,"aigo","generic","Not assigned"
domain_name_airbus,"airbus","generic","Airbus S.A.S."
domain_name_airforce,"airforce","generic","Dog Beach, LLC"
domain_name_airtel,"airtel","generic","Bharti Airtel Limited"
domain_name_akdn,"akdn","generic","Fondation Aga Khan (Aga Khan Foundation)"
domain_name_al,"al","country-code","Electronic and Postal Communications Authority - AKEP"
domain_name_alfaromeo,"alfaromeo","generic","Fiat Chrysler Automobiles N.V."
domain_name_alibaba,"alibaba","generic","Alibaba Group Holding Limited"
domain_name_alipay,"alipay","generic","Alibaba Group Holding Limited"
domain_name_allfinanz,"allfinanz","generic","Allfinanz Deutsche Vermögensberatung Aktiengesellschaft"
domain_name_allstate,"allstate","generic","Allstate Fire and Casualty Insurance Company"
domain_name_ally,"ally","generic","Ally Financial Inc."
domain_name_alsace,"alsace","generic","REGION GRAND EST"
domain_name_alstom,"alstom","generic","ALSTOM"
domain_name_am,"am","country-code",""Internet Society" Non-governmental Organization"
domain_name_amazon,"amazon","generic","Amazon Registry Services, Inc."
domain_name_americanexpress,"americanexpress","generic","American Express Travel Related Services Company, Inc."
domain_name_americanfamily,"americanfamily","generic","AmFam, Inc."
domain_name_amex,"amex","generic","American Express Travel Related Services Company, Inc."
domain_name_amfam,"amfam","generic","AmFam, Inc."
domain_name_amica,"amica","generic","Amica Mutual Insurance Company"
domain_name_amsterdam,"amsterdam","generic","Gemeente Amsterdam"
domain_name_an,"an","country-code","Not assigned"
domain_name_analytics,"analytics","generic","Campus IP LLC"
domain_name_android,"android","generic","Charleston Road Registry Inc."
domain_name_anquan,"anquan","generic","QIHOO 360 TECHNOLOGY CO. LTD."
domain_name_anz,"anz","generic","Australia and New Zealand Banking Group Limited"
domain_name_ao,"ao","country-code","Ministry of Telecommunications and Information Technologies (MTTI)"
domain_name_aol,"aol","generic","OATH Inc."
domain_name_apartments,"apartments","generic","Binky Moon, LLC"
domain_name_app,"app","generic","Charleston Road Registry Inc."
domain_name_apple,"apple","generic","Apple Inc."
domain_name_aq,"aq","country-code","Antarctica Network Information Centre Limited"
domain_name_aquarelle,"aquarelle","generic","Aquarelle.com"
domain_name_ar,"ar","country-code","Presidencia de la Nación – Secretaría Legal y Técnica"
domain_name_arab,"arab","generic","League of Arab States"
domain_name_aramco,"aramco","generic","Aramco Services Company"
domain_name_archi,"archi","generic","Afilias Limited"
domain_name_army,"army","generic","Dog Beach, LLC"
domain_name_arpa,"arpa","infrastructure","Internet Architecture Board (IAB)"
domain_name_art,"art","generic","UK Creative Ideas Limited"
domain_name_arte,"arte","generic","Association Relative à la Télévision Européenne G.E.I.E."
domain_name_as,"as","country-code","AS Domain Registry"
domain_name_asda,"asda","generic","Wal-Mart Stores, Inc."
domain_name_asia,"asia","sponsored","DotAsia Organisation Ltd."
domain_name_associates,"associates","generic","Binky Moon, LLC"
domain_name_at,"at","country-code","nic.at GmbH"
domain_name_athleta,"athleta","generic","The Gap, Inc."
domain_name_attorney,"attorney","generic","Dog Beach, LLC"
domain_name_au,"au","country-code",".au Domain Administration (auDA)"
domain_name_auction,"auction","generic","Dog Beach, LLC"
domain_name_audi,"audi","generic","AUDI Aktiengesellschaft"
domain_name_audible,"audible","generic","Amazon Registry Services, Inc."
domain_name_audio,"audio","generic","XYZ.COM LLC"
domain_name_auspost,"auspost","generic","Australian Postal Corporation"
domain_name_author,"author","generic","Amazon Registry Services, Inc."
domain_name_auto,"auto","generic","XYZ.COM LLC"
domain_name_autos,"autos","generic","XYZ.COM LLC"
domain_name_avianca,"avianca","generic","Avianca Holdings S.A."
domain_name_aw,"aw","country-code","SETAR"
domain_name_aws,"aws","generic","AWS Registry LLC"
domain_name_ax,"ax","country-code","Ålands landskapsregering"
domain_name_axa,"axa","generic","AXA Group Operations SAS"
domain_name_az,"az","country-code","IntraNS"
domain_name_azure,"azure","generic","Microsoft Corporation"
domain_name_ba,"ba","country-code","Universtiy Telinformatic Centre (UTIC)"
domain_name_baby,"baby","generic","XYZ.COM LLC"
domain_name_baidu,"baidu","generic","Baidu, Inc."
domain_name_banamex,"banamex","generic","Citigroup Inc."
domain_name_bananarepublic,"bananarepublic","generic","The Gap, Inc."
domain_name_band,"band","generic","Dog Beach, LLC"
domain_name_bank,"bank","generic","fTLD Registry Services, LLC"
domain_name_bar,"bar","generic","Punto 2012 Sociedad Anonima Promotora de Inversion de Capital Variable"
domain_name_barcelona,"barcelona","generic","Municipi de Barcelona"
domain_name_barclaycard,"barclaycard","generic","Barclays Bank PLC"
domain_name_barclays,"barclays","generic","Barclays Bank PLC"
domain_name_barefoot,"barefoot","generic","Gallo Vineyards, Inc."
domain_name_bargains,"bargains","generic","Binky Moon, LLC"
domain_name_baseball,"baseball","generic","MLB Advanced Media DH, LLC"
domain_name_basketball,"basketball","generic","Fédération Internationale de Basketball (FIBA)"
domain_name_bauhaus,"bauhaus","generic","Werkhaus GmbH"
domain_name_bayern,"bayern","generic","Bayern Connect GmbH"
domain_name_bb,"bb","country-code","Ministry of Innovation, Science and Smart Technology"
domain_name_bbc,"bbc","generic","British Broadcasting Corporation"
domain_name_bbt,"bbt","generic","BB&T Corporation"
domain_name_bbva,"bbva","generic","BANCO BILBAO VIZCAYA ARGENTARIA, S.A."
domain_name_bcg,"bcg","generic","The Boston Consulting Group, Inc."
domain_name_bcn,"bcn","generic","Municipi de Barcelona"
domain_name_bd,"bd","country-code","Posts and Telecommunications Division"
domain_name_be,"be","country-code","DNS Belgium vzw/asbl"
domain_name_beats,"beats","generic","Beats Electronics, LLC"
domain_name_beauty,"beauty","generic","XYZ.COM LLC"
domain_name_beer,"beer","generic","Registry Services, LLC"
domain_name_bentley,"bentley","generic","Bentley Motors Limited"
domain_name_berlin,"berlin","generic","dotBERLIN GmbH & Co. KG"
domain_name_best,"best","generic","BestTLD Pty Ltd"
domain_name_bestbuy,"bestbuy","generic","BBY Solutions, Inc."
domain_name_bet,"bet","generic","Afilias Limited"
domain_name_bf,"bf","country-code","ARCE-AutoritÈ de RÈgulation des Communications Electroniques"
domain_name_bg,"bg","country-code","Register.BG"
domain_name_bh,"bh","country-code","Telecommunications Regulatory Authority (TRA)"
domain_name_bharti,"bharti","generic","Bharti Enterprises (Holding) Private Limited"
domain_name_bi,"bi","country-code","Centre National de l'Informatique"
domain_name_bible,"bible","generic","American Bible Society"
domain_name_bid,"bid","generic","dot Bid Limited"
domain_name_bike,"bike","generic","Binky Moon, LLC"
domain_name_bing,"bing","generic","Microsoft Corporation"
domain_name_bingo,"bingo","generic","Binky Moon, LLC"
domain_name_bio,"bio","generic","Afilias Limited"
domain_name_biz,"biz","generic-restricted","Registry Services, LLC"
domain_name_bj,"bj","country-code","Autorité de Régulation des Communications Electroniques et de la Poste duBénin (ARCEP BENIN)"
domain_name_bl,"bl","country-code","Not assigned"
domain_name_black,"black","generic","Afilias Limited"
domain_name_blackfriday,"blackfriday","generic","Registry Services, LLC"
domain_name_blanco,"blanco","generic","Not assigned"
domain_name_blockbuster,"blockbuster","generic","Dish DBS Corporation"
domain_name_blog,"blog","generic","Knock Knock WHOIS There, LLC"
domain_name_bloomberg,"bloomberg","generic","Bloomberg IP Holdings LLC"
domain_name_blue,"blue","generic","Afilias Limited"
domain_name_bm,"bm","country-code","Registry General Department, Ministry of Home Affairs"
domain_name_bms,"bms","generic","Bristol-Myers Squibb Company"
domain_name_bmw,"bmw","generic","Bayerische Motoren Werke Aktiengesellschaft"
domain_name_bn,"bn","country-code","Authority for Info-communications Technology Industry of Brunei Darussalam(AITI)"
domain_name_bnl,"bnl","generic","Not assigned"
domain_name_bnpparibas,"bnpparibas","generic","BNP Paribas"
domain_name_bo,"bo","country-code","Agencia para el Desarrollo de la Información de la Sociedad en Bolivia"
domain_name_boats,"boats","generic","XYZ.COM LLC"
domain_name_boehringer,"boehringer","generic","Boehringer Ingelheim International GmbH"
domain_name_bofa,"bofa","generic","Bank of America Corporation"
domain_name_bom,"bom","generic","Núcleo de Informação e Coordenação do Ponto BR - NIC.br"
domain_name_bond,"bond","generic","Shortdot SA"
domain_name_boo,"boo","generic","Charleston Road Registry Inc."
domain_name_book,"book","generic","Amazon Registry Services, Inc."
domain_name_booking,"booking","generic","Booking.com B.V."
domain_name_boots,"boots","generic","Not assigned"
domain_name_bosch,"bosch","generic","Robert Bosch GMBH"
domain_name_bostik,"bostik","generic","Bostik SA"
domain_name_boston,"boston","generic","Registry Services, LLC"
domain_name_bot,"bot","generic","Amazon Registry Services, Inc."
domain_name_boutique,"boutique","generic","Binky Moon, LLC"
domain_name_box,"box","generic","Intercap Registry Inc."
domain_name_bq,"bq","country-code","Not assigned"
domain_name_br,"br","country-code","Comite Gestor da Internet no Brasil"
domain_name_bradesco,"bradesco","generic","Banco Bradesco S.A."
domain_name_bridgestone,"bridgestone","generic","Bridgestone Corporation"
domain_name_broadway,"broadway","generic","Celebrate Broadway, Inc."
domain_name_broker,"broker","generic","Dog Beach, LLC"
domain_name_brother,"brother","generic","Brother Industries, Ltd."
domain_name_brussels,"brussels","generic","DNS.be vzw"
domain_name_bs,"bs","country-code","University of The Bahamas"
domain_name_bt,"bt","country-code","Ministry of Information and Communications"
domain_name_budapest,"budapest","generic","Not assigned"
domain_name_bugatti,"bugatti","generic","Not assigned"
domain_name_build,"build","generic","Plan Bee LLC"
domain_name_builders,"builders","generic","Binky Moon, LLC"
domain_name_business,"business","generic","Binky Moon, LLC"
domain_name_buy,"buy","generic","Amazon Registry Services, INC"
domain_name_buzz,"buzz","generic","DOTSTRATEGY CO."
domain_name_bv,"bv","country-code","Norid A/S"
domain_name_bw,"bw","country-code","Botswana Communications Regulatory Authority (BOCRA)"
domain_name_by,"by","country-code","Belarusian Cloud Technologies LLC"
domain_name_bz,"bz","country-code","University of Belize"
domain_name_bzh,"bzh","generic","Association www.bzh"
domain_name_ca,"ca","country-code","Canadian Internet Registration Authority (CIRA) Autorité Canadienne pour lesenregistrements Internet (ACEI)"
domain_name_cab,"cab","generic","Binky Moon, LLC"
domain_name_cafe,"cafe","generic","Binky Moon, LLC"
domain_name_cal,"cal","generic","Charleston Road Registry Inc."
domain_name_call,"call","generic","Amazon Registry Services, Inc."
domain_name_calvinklein,"calvinklein","generic","PVH gTLD Holdings LLC"
domain_name_cam,"cam","generic","CAM Connecting SARL"
domain_name_camera,"camera","generic","Binky Moon, LLC"
domain_name_camp,"camp","generic","Binky Moon, LLC"
domain_name_cancerresearch,"cancerresearch","generic","Not assigned"
domain_name_canon,"canon","generic","Canon Inc."
domain_name_capetown,"capetown","generic","ZA Central Registry NPC trading as ZA Central Registry"
domain_name_capital,"capital","generic","Binky Moon, LLC"
domain_name_capitalone,"capitalone","generic","Capital One Financial Corporation"
domain_name_car,"car","generic","XYZ.COM LLC"
domain_name_caravan,"caravan","generic","Caravan International, Inc."
domain_name_cards,"cards","generic","Binky Moon, LLC"
domain_name_care,"care","generic","Binky Moon, LLC"
domain_name_career,"career","generic","dotCareer LLC"
domain_name_careers,"careers","generic","Binky Moon, LLC"
domain_name_cars,"cars","generic","XYZ.COM LLC"
domain_name_cartier,"cartier","generic","Not assigned"
domain_name_casa,"casa","generic","Registry Services, LLC"
domain_name_case,"case","generic","CNH Industrial N.V."
domain_name_caseih,"caseih","generic","Not assigned"
domain_name_cash,"cash","generic","Binky Moon, LLC"
domain_name_casino,"casino","generic","Binky Moon, LLC"
domain_name_cat,"cat","sponsored","Fundacio puntCAT"
domain_name_catering,"catering","generic","Binky Moon, LLC"
domain_name_catholic,"catholic","generic","Pontificium Consilium de Comunicationibus Socialibus (PCCS) (PontificalCouncil for Social Communication)"
domain_name_cba,"cba","generic","COMMONWEALTH BANK OF AUSTRALIA"
domain_name_cbn,"cbn","generic","The Christian Broadcasting Network, Inc."
domain_name_cbre,"cbre","generic","CBRE, Inc."
domain_name_cbs,"cbs","generic","CBS Domains Inc."
domain_name_cc,"cc","country-code","eNIC Cocos (Keeling) Islands Pty. Ltd. d/b/a Island Internet Services"
domain_name_cd,"cd","country-code","Office Congolais des Postes et Télécommunications - OCPT"
domain_name_ceb,"ceb","generic","Not assigned"
domain_name_center,"center","generic","Binky Moon, LLC"
domain_name_ceo,"ceo","generic","CEOTLD Pty Ltd"
domain_name_cern,"cern","generic","European Organization for Nuclear Research ("CERN")"
domain_name_cf,"cf","country-code","Societe Centrafricaine de Telecommunications (SOCATEL)"
domain_name_cfa,"cfa","generic","CFA Institute"
domain_name_cfd,"cfd","generic","DOTCFD REGISTRY LTD"
domain_name_cg,"cg","country-code","Interpoint Switzerland"
domain_name_ch,"ch","country-code","SWITCH The Swiss Education & Research Network"
domain_name_chanel,"chanel","generic","Chanel International B.V."
domain_name_channel,"channel","generic","Charleston Road Registry Inc."
domain_name_charity,"charity","generic","Public Interest Registry (PIR)"
domain_name_chase,"chase","generic","JPMorgan Chase Bank, National Association"
domain_name_chat,"chat","generic","Binky Moon, LLC"
domain_name_cheap,"cheap","generic","Binky Moon, LLC"
domain_name_chintai,"chintai","generic","CHINTAI Corporation"
domain_name_chloe,"chloe","generic","Not assigned"
domain_name_christmas,"christmas","generic","XYZ.COM LLC"
domain_name_chrome,"chrome","generic","Charleston Road Registry Inc."
domain_name_chrysler,"chrysler","generic","Not assigned"
domain_name_church,"church","generic","Binky Moon, LLC"
domain_name_ci,"ci","country-code","Autorité de Régulation des Télécommunications/TIC de Côte d’lvoire (ARTCI)"
domain_name_cipriani,"cipriani","generic","Hotel Cipriani Srl"
domain_name_circle,"circle","generic","Amazon Registry Services, Inc."
domain_name_cisco,"cisco","generic","Cisco Technology, Inc."
domain_name_citadel,"citadel","generic","Citadel Domain LLC"
domain_name_citi,"citi","generic","Citigroup Inc."
domain_name_citic,"citic","generic","CITIC Group Corporation"
domain_name_city,"city","generic","Binky Moon, LLC"
domain_name_cityeats,"cityeats","generic","Lifestyle Domain Holdings, Inc."
domain_name_ck,"ck","country-code","Telecom Cook Islands Ltd."
domain_name_cl,"cl","country-code","NIC Chile (University of Chile)"
domain_name_claims,"claims","generic","Binky Moon, LLC"
domain_name_cleaning,"cleaning","generic","Binky Moon, LLC"
domain_name_click,"click","generic","Internet Naming Co."
domain_name_clinic,"clinic","generic","Binky Moon, LLC"
domain_name_clinique,"clinique","generic","The Estée Lauder Companies Inc."
domain_name_clothing,"clothing","generic","Binky Moon, LLC"
domain_name_cloud,"cloud","generic","ARUBA PEC S.p.A."
domain_name_club,"club","generic","Registry Services, LLC"
domain_name_clubmed,"clubmed","generic","Club Méditerranée S.A."
domain_name_cm,"cm","country-code","Cameroon Telecommunications (CAMTEL)"
domain_name_cn,"cn","country-code","China Internet Network Information Center (CNNIC)"
domain_name_co,"co","country-code","Ministry of Information and Communications Technologies (MinTIC)"
domain_name_coach,"coach","generic","Binky Moon, LLC"
domain_name_codes,"codes","generic","Binky Moon, LLC"
domain_name_coffee,"coffee","generic","Binky Moon, LLC"
domain_name_college,"college","generic","XYZ.COM LLC"
domain_name_cologne,"cologne","generic","dotKoeln GmbH"
domain_name_com,"com","generic","VeriSign Global Registry Services"
domain_name_comcast,"comcast","generic","Comcast IP Holdings I, LLC"
domain_name_commbank,"commbank","generic","COMMONWEALTH BANK OF AUSTRALIA"
domain_name_community,"community","generic","Binky Moon, LLC"
domain_name_company,"company","generic","Binky Moon, LLC"
domain_name_compare,"compare","generic","Registry Services, LLC"
domain_name_computer,"computer","generic","Binky Moon, LLC"
domain_name_comsec,"comsec","generic","VeriSign, Inc."
domain_name_condos,"condos","generic","Binky Moon, LLC"
domain_name_construction,"construction","generic","Binky Moon, LLC"
domain_name_consulting,"consulting","generic","Dog Beach, LLC"
domain_name_contact,"contact","generic","Dog Beach, LLC"
domain_name_contractors,"contractors","generic","Binky Moon, LLC"
domain_name_cooking,"cooking","generic","Registry Services, LLC"
domain_name_cookingchannel,"cookingchannel","generic","Lifestyle Domain Holdings, Inc."
domain_name_cool,"cool","generic","Binky Moon, LLC"
domain_name_coop,"coop","sponsored","DotCooperation LLC"
domain_name_corsica,"corsica","generic","Collectivité de Corse"
domain_name_country,"country","generic","Internet Naming Co."
domain_name_coupon,"coupon","generic","Amazon Registry Services, Inc."
domain_name_coupons,"coupons","generic","Binky Moon, LLC"
domain_name_courses,"courses","generic","Registry Services, LLC"
domain_name_cpa,"cpa","generic","American Institute of Certified Public Accountants"
domain_name_cr,"cr","country-code","National Academy of Sciences Academia Nacional de Ciencias"
domain_name_credit,"credit","generic","Binky Moon, LLC"
domain_name_creditcard,"creditcard","generic","Binky Moon, LLC"
domain_name_creditunion,"creditunion","generic","DotCooperation, LLC"
domain_name_cricket,"cricket","generic","dot Cricket Limited"
domain_name_crown,"crown","generic","Crown Equipment Corporation"
domain_name_crs,"crs","generic","Federated Co-operatives Limited"
domain_name_cruise,"cruise","generic","Viking River Cruises (Bermuda) Ltd."
domain_name_cruises,"cruises","generic","Binky Moon, LLC"
domain_name_csc,"csc","generic","Not assigned"
domain_name_cu,"cu","country-code","CENIAInternet Industria y San Jose Capitolio Nacional"
domain_name_cuisinella,"cuisinella","generic","SCHMIDT GROUPE S.A.S."
domain_name_cv,"cv","country-code","Agência Reguladora Multissectorial da Economia (ARME)"
domain_name_cw,"cw","country-code","University of Curacao"
domain_name_cx,"cx","country-code","Christmas Island Domain Administration Limited"
domain_name_cy,"cy","country-code","University of Cyprus"
domain_name_cymru,"cymru","generic","Nominet UK"
domain_name_cyou,"cyou","generic","Shortdot SA"
domain_name_cz,"cz","country-code","CZ.NIC, z.s.p.o"
domain_name_dabur,"dabur","generic","Dabur India Limited"
domain_name_dad,"dad","generic","Charleston Road Registry Inc."
domain_name_dance,"dance","generic","Dog Beach, LLC"
domain_name_data,"data","generic","Dish DBS Corporation"
domain_name_date,"date","generic","dot Date Limited"
domain_name_dating,"dating","generic","Binky Moon, LLC"
domain_name_datsun,"datsun","generic","NISSAN MOTOR CO., LTD."
domain_name_day,"day","generic","Charleston Road Registry Inc."
domain_name_dclk,"dclk","generic","Charleston Road Registry Inc."
domain_name_dds,"dds","generic","Registry Services, LLC"
domain_name_de,"de","country-code","DENIC eG"
domain_name_deal,"deal","generic","Amazon Registry Services, Inc."
domain_name_dealer,"dealer","generic","Intercap Registry Inc."
domain_name_deals,"deals","generic","Binky Moon, LLC"
domain_name_degree,"degree","generic","Dog Beach, LLC"
domain_name_delivery,"delivery","generic","Binky Moon, LLC"
domain_name_dell,"dell","generic","Dell Inc."
domain_name_deloitte,"deloitte","generic","Deloitte Touche Tohmatsu"
domain_name_delta,"delta","generic","Delta Air Lines, Inc."
domain_name_democrat,"democrat","generic","Dog Beach, LLC"
domain_name_dental,"dental","generic","Binky Moon, LLC"
domain_name_dentist,"dentist","generic","Dog Beach, LLC"
domain_name_desi,"desi","generic","Desi Networks LLC"
domain_name_design,"design","generic","Registry Services, LLC"
domain_name_dev,"dev","generic","Charleston Road Registry Inc."
domain_name_dhl,"dhl","generic","Deutsche Post AG"
domain_name_diamonds,"diamonds","generic","Binky Moon, LLC"
domain_name_diet,"diet","generic","XYZ.COM LLC"
domain_name_digital,"digital","generic","Binky Moon, LLC"
domain_name_direct,"direct","generic","Binky Moon, LLC"
domain_name_directory,"directory","generic","Binky Moon, LLC"
domain_name_discount,"discount","generic","Binky Moon, LLC"
domain_name_discover,"discover","generic","Discover Financial Services"
domain_name_dish,"dish","generic","Dish DBS Corporation"
domain_name_diy,"diy","generic","Lifestyle Domain Holdings, Inc."
domain_name_dj,"dj","country-code","Djibouti Telecom S.A"
domain_name_dk,"dk","country-code","Dansk Internet Forum"
domain_name_dm,"dm","country-code","DotDM Corporation"
domain_name_dnp,"dnp","generic","Dai Nippon Printing Co., Ltd."
domain_name_do,"do","country-code","Pontificia Universidad Catolica Madre y Maestra Recinto Santo Tomas de Aquino"
domain_name_docs,"docs","generic","Charleston Road Registry Inc."
domain_name_doctor,"doctor","generic","Binky Moon, LLC"
domain_name_dodge,"dodge","generic","Not assigned"
domain_name_dog,"dog","generic","Binky Moon, LLC"
domain_name_doha,"doha","generic","Not assigned"
domain_name_domains,"domains","generic","Binky Moon, LLC"
domain_name_doosan,"doosan","generic","Not assigned"
domain_name_dot,"dot","generic","Dish DBS Corporation"
domain_name_download,"download","generic","dot Support Limited"
domain_name_drive,"drive","generic","Charleston Road Registry Inc."
domain_name_dtv,"dtv","generic","Dish DBS Corporation"
domain_name_dubai,"dubai","generic","Dubai Smart Government Department"
domain_name_duck,"duck","generic","Not assigned"
domain_name_dunlop,"dunlop","generic","The Goodyear Tire & Rubber Company"
domain_name_duns,"duns","generic","Not assigned"
domain_name_dupont,"dupont","generic","DuPont Specialty Products USA, LLC"
domain_name_durban,"durban","generic","ZA Central Registry NPC trading as ZA Central Registry"
domain_name_dvag,"dvag","generic","Deutsche Vermögensberatung Aktiengesellschaft DVAG"
domain_name_dvr,"dvr","generic","Hughes Satellite Systems Corporation"
domain_name_dz,"dz","country-code","CERIST"
domain_name_earth,"earth","generic","Interlink Systems Innovation Institute K.K."
domain_name_eat,"eat","generic","Charleston Road Registry Inc."
domain_name_ec,"ec","country-code","ECUADORDOMAIN S.A."
domain_name_eco,"eco","generic","Big Room Inc."
domain_name_edeka,"edeka","generic","EDEKA Verband kaufmännischer Genossenschaften e.V."
domain_name_edu,"edu","sponsored","EDUCAUSE"
domain_name_education,"education","generic","Binky Moon, LLC"
domain_name_ee,"ee","country-code","Eesti Interneti Sihtasutus (EIS)"
domain_name_eg,"eg","country-code","Egyptian Universities Network (EUN) Supreme Council of Universities"
domain_name_eh,"eh","country-code","Not assigned"
domain_name_email,"email","generic","Binky Moon, LLC"
domain_name_emerck,"emerck","generic","Merck KGaA"
domain_name_energy,"energy","generic","Binky Moon, LLC"
domain_name_engineer,"engineer","generic","Dog Beach, LLC"
domain_name_engineering,"engineering","generic","Binky Moon, LLC"
domain_name_enterprises,"enterprises","generic","Binky Moon, LLC"
domain_name_epost,"epost","generic","Not assigned"
domain_name_epson,"epson","generic","Seiko Epson Corporation"
domain_name_equipment,"equipment","generic","Binky Moon, LLC"
domain_name_er,"er","country-code","Eritrea Telecommunication Services Corporation (EriTel)"
domain_name_ericsson,"ericsson","generic","Telefonaktiebolaget L M Ericsson"
domain_name_erni,"erni","generic","ERNI Group Holding AG"
domain_name_es,"es","country-code","Red.es"
domain_name_esq,"esq","generic","Charleston Road Registry Inc."
domain_name_estate,"estate","generic","Binky Moon, LLC"
domain_name_esurance,"esurance","generic","Not assigned"
domain_name_et,"et","country-code","Ethio telecom"
domain_name_etisalat,"etisalat","generic","Emirates Telecommunications Corporation (trading as Etisalat)"
domain_name_eu,"eu","country-code","EURid vzw/asbl"
domain_name_eurovision,"eurovision","generic","European Broadcasting Union (EBU)"
domain_name_eus,"eus","generic","Puntueus Fundazioa"
domain_name_events,"events","generic","Binky Moon, LLC"
domain_name_everbank,"everbank","generic","Not assigned"
domain_name_exchange,"exchange","generic","Binky Moon, LLC"
domain_name_expert,"expert","generic","Binky Moon, LLC"
domain_name_exposed,"exposed","generic","Binky Moon, LLC"
domain_name_express,"express","generic","Binky Moon, LLC"
domain_name_extraspace,"extraspace","generic","Extra Space Storage LLC"
domain_name_fage,"fage","generic","Fage International S.A."
domain_name_fail,"fail","generic","Binky Moon, LLC"
domain_name_fairwinds,"fairwinds","generic","FairWinds Partners, LLC"
domain_name_faith,"faith","generic","dot Faith Limited"
domain_name_family,"family","generic","Dog Beach, LLC"
domain_name_fan,"fan","generic","Dog Beach, LLC"
domain_name_fans,"fans","generic","ZDNS International Limited"
domain_name_farm,"farm","generic","Binky Moon, LLC"
domain_name_farmers,"farmers","generic","Farmers Insurance Exchange"
domain_name_fashion,"fashion","generic","Registry Services, LLC"
domain_name_fast,"fast","generic","Amazon Registry Services, Inc."
domain_name_fedex,"fedex","generic","Federal Express Corporation"
domain_name_feedback,"feedback","generic","Top Level Spectrum, Inc."
domain_name_ferrari,"ferrari","generic","Fiat Chrysler Automobiles N.V."
domain_name_ferrero,"ferrero","generic","Ferrero Trading Lux S.A."
domain_name_fi,"fi","country-code","Finnish Transport and Communications Agency Traficom"
domain_name_fiat,"fiat","generic","Fiat Chrysler Automobiles N.V."
domain_name_fidelity,"fidelity","generic","Fidelity Brokerage Services LLC"
domain_name_fido,"fido","generic","Rogers Communications Canada Inc."
domain_name_film,"film","generic","Motion Picture Domain Registry Pty Ltd"
domain_name_final,"final","generic","Núcleo de Informação e Coordenação do Ponto BR - NIC.br"
domain_name_finance,"finance","generic","Binky Moon, LLC"
domain_name_financial,"financial","generic","Binky Moon, LLC"
domain_name_fire,"fire","generic","Amazon Registry Services, Inc."
domain_name_firestone,"firestone","generic","Bridgestone Licensing Services, Inc."
domain_name_firmdale,"firmdale","generic","Firmdale Holdings Limited"
domain_name_fish,"fish","generic","Binky Moon, LLC"
domain_name_fishing,"fishing","generic","Registry Services, LLC"
domain_name_fit,"fit","generic","Registry Services, LLC"
domain_name_fitness,"fitness","generic","Binky Moon, LLC"
domain_name_fj,"fj","country-code","The University of the South Pacific IT Services"
domain_name_fk,"fk","country-code","Falkland Islands Government"
domain_name_flickr,"flickr","generic","Flickr, Inc."
domain_name_flights,"flights","generic","Binky Moon, LLC"
domain_name_flir,"flir","generic","FLIR Systems, Inc."
domain_name_florist,"florist","generic","Binky Moon, LLC"
domain_name_flowers,"flowers","generic","XYZ.COM LLC"
domain_name_flsmidth,"flsmidth","generic","Not assigned"
domain_name_fly,"fly","generic","Charleston Road Registry Inc."
domain_name_fm,"fm","country-code","FSM Telecommunications Corporation"
domain_name_fo,"fo","country-code","FO Council"
domain_name_foo,"foo","generic","Charleston Road Registry Inc."
domain_name_food,"food","generic","Lifestyle Domain Holdings, Inc."
domain_name_foodnetwork,"foodnetwork","generic","Lifestyle Domain Holdings, Inc."
domain_name_football,"football","generic","Binky Moon, LLC"
domain_name_ford,"ford","generic","Ford Motor Company"
domain_name_forex,"forex","generic","Dog Beach, LLC"
domain_name_forsale,"forsale","generic","Dog Beach, LLC"
domain_name_forum,"forum","generic","Fegistry, LLC"
domain_name_foundation,"foundation","generic","Public Interest Registry (PIR)"
domain_name_fox,"fox","generic","FOX Registry, LLC"
domain_name_fr,"fr","country-code","Association Française pour le Nommage Internet en Coopération (A.F.N.I.C.)"
domain_name_free,"free","generic","Amazon Registry Services, Inc."
domain_name_fresenius,"fresenius","generic","Fresenius Immobilien-Verwaltungs-GmbH"
domain_name_frl,"frl","generic","FRLregistry B.V."
domain_name_frogans,"frogans","generic","OP3FT"
domain_name_frontdoor,"frontdoor","generic","Lifestyle Domain Holdings, Inc."
domain_name_frontier,"frontier","generic","Frontier Communications Corporation"
domain_name_ftr,"ftr","generic","Frontier Communications Corporation"
domain_name_fujitsu,"fujitsu","generic","Fujitsu Limited"
domain_name_fujixerox,"fujixerox","generic","Not assigned"
domain_name_fun,"fun","generic","Radix FZC"
domain_name_fund,"fund","generic","Binky Moon, LLC"
domain_name_furniture,"furniture","generic","Binky Moon, LLC"
domain_name_futbol,"futbol","generic","Dog Beach, LLC"
domain_name_fyi,"fyi","generic","Binky Moon, LLC"
domain_name_ga,"ga","country-code","Agence Nationale des Infrastructures Numériques et des Fréquences (ANINF)"
domain_name_gal,"gal","generic","Asociación puntoGAL"
domain_name_gallery,"gallery","generic","Binky Moon, LLC"
domain_name_gallo,"gallo","generic","Gallo Vineyards, Inc."
domain_name_gallup,"gallup","generic","Gallup, Inc."
domain_name_game,"game","generic","XYZ.COM LLC"
domain_name_games,"games","generic","Dog Beach, LLC"
domain_name_gap,"gap","generic","The Gap, Inc."
domain_name_garden,"garden","generic","Registry Services, LLC"
domain_name_gay,"gay","generic","Top Level Design, LLC"
domain_name_gb,"gb","country-code","Reserved Domain - IANA"
domain_name_gbiz,"gbiz","generic","Charleston Road Registry Inc."
domain_name_gd,"gd","country-code","The National Telecommunications Regulatory Commission (NTRC)"
domain_name_gdn,"gdn","generic","Joint Stock Company "Navigation-information systems""
domain_name_ge,"ge","country-code","Caucasus Online LLC"
domain_name_gea,"gea","generic","GEA Group Aktiengesellschaft"
domain_name_gent,"gent","generic","Combell nv"
domain_name_genting,"genting","generic","Resorts World Inc. Pte. Ltd."
domain_name_george,"george","generic","Wal-Mart Stores, Inc."
domain_name_gf,"gf","country-code","CANAL+ TELECOM"
domain_name_gg,"gg","country-code","Island Networks Ltd."
domain_name_ggee,"ggee","generic","GMO Internet, Inc."
domain_name_gh,"gh","country-code","Network Computer Systems Limited"
domain_name_gi,"gi","country-code","Sapphire Networks"
domain_name_gift,"gift","generic","Uniregistry, Corp."
domain_name_gifts,"gifts","generic","Binky Moon, LLC"
domain_name_gives,"gives","generic","Public Interest Registry (PIR)"
domain_name_giving,"giving","generic","Public Interest Registry (PIR)"
domain_name_gl,"gl","country-code","TELE Greenland A/S"
domain_name_glade,"glade","generic","Not assigned"
domain_name_glass,"glass","generic","Binky Moon, LLC"
domain_name_gle,"gle","generic","Charleston Road Registry Inc."
domain_name_global,"global","generic","Dot Global Domain Registry Limited"
domain_name_globo,"globo","generic","Globo Comunicação e Participações S.A"
domain_name_gm,"gm","country-code","GM-NIC"
domain_name_gmail,"gmail","generic","Charleston Road Registry Inc."
domain_name_gmbh,"gmbh","generic","Binky Moon, LLC"
domain_name_gmo,"gmo","generic","GMO Internet, Inc."
domain_name_gmx,"gmx","generic","1&1 Mail & Media GmbH"
domain_name_gn,"gn","country-code","Centre National des Sciences Halieutiques de Boussoura"
domain_name_godaddy,"godaddy","generic","Go Daddy East, LLC"
domain_name_gold,"gold","generic","Binky Moon, LLC"
domain_name_goldpoint,"goldpoint","generic","YODOBASHI CAMERA CO.,LTD."
domain_name_golf,"golf","generic","Binky Moon, LLC"
domain_name_goo,"goo","generic","NTT Resonant Inc."
domain_name_goodhands,"goodhands","generic","Not assigned"
domain_name_goodyear,"goodyear","generic","The Goodyear Tire & Rubber Company"
domain_name_goog,"goog","generic","Charleston Road Registry Inc."
domain_name_google,"google","generic","Charleston Road Registry Inc."
domain_name_gop,"gop","generic","Republican State Leadership Committee, Inc."
domain_name_got,"got","generic","Amazon Registry Services, Inc."
domain_name_gov,"gov","sponsored","Cybersecurity and Infrastructure Security Agency"
domain_name_gp,"gp","country-code","Networking Technologies Group"
domain_name_gq,"gq","country-code","GETESA"
domain_name_gr,"gr","country-code","ICS-FORTH GR"
domain_name_grainger,"grainger","generic","Grainger Registry Services, LLC"
domain_name_graphics,"graphics","generic","Binky Moon, LLC"
domain_name_gratis,"gratis","generic","Binky Moon, LLC"
domain_name_green,"green","generic","Afilias Limited"
domain_name_gripe,"gripe","generic","Binky Moon, LLC"
domain_name_grocery,"grocery","generic","Wal-Mart Stores, Inc."
domain_name_group,"group","generic","Binky Moon, LLC"
domain_name_gs,"gs","country-code","Government of South Georgia and South Sandwich Islands (GSGSSI)"
domain_name_gt,"gt","country-code","Universidad del Valle de Guatemala"
domain_name_gu,"gu","country-code","University of Guam"
domain_name_guardian,"guardian","generic","The Guardian Life Insurance Company of America"
domain_name_gucci,"gucci","generic","Guccio Gucci S.p.a."
domain_name_guge,"guge","generic","Charleston Road Registry Inc."
domain_name_guide,"guide","generic","Binky Moon, LLC"
domain_name_guitars,"guitars","generic","XYZ.COM LLC"
domain_name_guru,"guru","generic","Binky Moon, LLC"
domain_name_gw,"gw","country-code","Autoridade Reguladora Nacional - Tecnologias de Informação e Comunicação daGuiné-Bissau"
domain_name_gy,"gy","country-code","University of Guyana"
domain_name_hair,"hair","generic","XYZ.COM LLC"
domain_name_hamburg,"hamburg","generic","Hamburg Top-Level-Domain GmbH"
domain_name_hangout,"hangout","generic","Charleston Road Registry Inc."
domain_name_haus,"haus","generic","Dog Beach, LLC"
domain_name_hbo,"hbo","generic","HBO Registry Services, Inc."
domain_name_hdfc,"hdfc","generic","HOUSING DEVELOPMENT FINANCE CORPORATION LIMITED"
domain_name_hdfcbank,"hdfcbank","generic","HDFC Bank Limited"
domain_name_health,"health","generic","DotHealth, LLC"
domain_name_healthcare,"healthcare","generic","Binky Moon, LLC"
domain_name_help,"help","generic","UNR Corp."
domain_name_helsinki,"helsinki","generic","City of Helsinki"
domain_name_here,"here","generic","Charleston Road Registry Inc."
domain_name_hermes,"hermes","generic","Hermes International"
domain_name_hgtv,"hgtv","generic","Lifestyle Domain Holdings, Inc."
domain_name_hiphop,"hiphop","generic","Dot Hip Hop, LLC"
domain_name_hisamitsu,"hisamitsu","generic","Hisamitsu Pharmaceutical Co.,Inc."
domain_name_hitachi,"hitachi","generic","Hitachi, Ltd."
domain_name_hiv,"hiv","generic","Internet Naming Co."
domain_name_hk,"hk","country-code","Hong Kong Internet Registration Corporation Ltd."
domain_name_hkt,"hkt","generic","PCCW-HKT DataCom Services Limited"
domain_name_hm,"hm","country-code","HM Domain Registry"
domain_name_hn,"hn","country-code","Red de Desarrollo Sostenible Honduras"
domain_name_hockey,"hockey","generic","Binky Moon, LLC"
domain_name_holdings,"holdings","generic","Binky Moon, LLC"
domain_name_holiday,"holiday","generic","Binky Moon, LLC"
domain_name_homedepot,"homedepot","generic","Home Depot Product Authority, LLC"
domain_name_homegoods,"homegoods","generic","The TJX Companies, Inc."
domain_name_homes,"homes","generic","XYZ.COM LLC"
domain_name_homesense,"homesense","generic","The TJX Companies, Inc."
domain_name_honda,"honda","generic","Honda Motor Co., Ltd."
domain_name_honeywell,"honeywell","generic","Not assigned"
domain_name_horse,"horse","generic","Registry Services, LLC"
domain_name_hospital,"hospital","generic","Binky Moon, LLC"
domain_name_host,"host","generic","Radix FZC"
domain_name_hosting,"hosting","generic","XYZ.COM LLC"
domain_name_hot,"hot","generic","Amazon Registry Services, Inc."
domain_name_hoteles,"hoteles","generic","Travel Reservations SRL"
domain_name_hotels,"hotels","generic","Booking.com B.V."
domain_name_hotmail,"hotmail","generic","Microsoft Corporation"
domain_name_house,"house","generic","Binky Moon, LLC"
domain_name_how,"how","generic","Charleston Road Registry Inc."
domain_name_hr,"hr","country-code","CARNet - Croatian Academic and Research Network"
domain_name_hsbc,"hsbc","generic","HSBC Global Services (UK) Limited"
domain_name_ht,"ht","country-code","Consortium FDS/RDDH"
domain_name_htc,"htc","generic","Not assigned"
domain_name_hu,"hu","country-code","Council of Hungarian Internet Providers (CHIP)"
domain_name_hughes,"hughes","generic","Hughes Satellite Systems Corporation"
domain_name_hyatt,"hyatt","generic","Hyatt GTLD, L.L.C."
domain_name_hyundai,"hyundai","generic","Hyundai Motor Company"
domain_name_ibm,"ibm","generic","International Business Machines Corporation"
domain_name_icbc,"icbc","generic","Industrial and Commercial Bank of China Limited"
domain_name_ice,"ice","generic","IntercontinentalExchange, Inc."
domain_name_icu,"icu","generic","Shortdot SA"
domain_name_id,"id","country-code","Perkumpulan Pengelola Nama Domain Internet Indonesia (PANDI)"
domain_name_ie,"ie","country-code","University College Dublin Computing Services Computer Centre"
domain_name_ieee,"ieee","generic","IEEE Global LLC"
domain_name_ifm,"ifm","generic","ifm electronic gmbh"
domain_name_iinet,"iinet","generic","Not assigned"
domain_name_ikano,"ikano","generic","Ikano S.A."
domain_name_il,"il","country-code","The Israel Internet Association (RA)"
domain_name_im,"im","country-code","Isle of Man Government"
domain_name_imamat,"imamat","generic","Fondation Aga Khan (Aga Khan Foundation)"
domain_name_imdb,"imdb","generic","Amazon Registry Services, Inc."
domain_name_immo,"immo","generic","Binky Moon, LLC"
domain_name_immobilien,"immobilien","generic","Dog Beach, LLC"
domain_name_in,"in","country-code","National Internet Exchange of India"
domain_name_inc,"inc","generic","Intercap Registry Inc."
domain_name_industries,"industries","generic","Binky Moon, LLC"
domain_name_infiniti,"infiniti","generic","NISSAN MOTOR CO., LTD."
domain_name_info,"info","generic","Afilias Limited"
domain_name_ing,"ing","generic","Charleston Road Registry Inc."
domain_name_ink,"ink","generic","Top Level Design, LLC"
domain_name_institute,"institute","generic","Binky Moon, LLC"
domain_name_insurance,"insurance","generic","fTLD Registry Services LLC"
domain_name_insure,"insure","generic","Binky Moon, LLC"
domain_name_int,"int","sponsored","Internet Assigned Numbers Authority"
domain_name_intel,"intel","generic","Not assigned"
domain_name_international,"international","generic","Binky Moon, LLC"
domain_name_intuit,"intuit","generic","Intuit Administrative Services, Inc."
domain_name_investments,"investments","generic","Binky Moon, LLC"
domain_name_io,"io","country-code","Internet Computer Bureau Limited"
domain_name_ipiranga,"ipiranga","generic","Ipiranga Produtos de Petroleo S.A."
domain_name_iq,"iq","country-code","Communications and Media Commission (CMC)"
domain_name_ir,"ir","country-code","Institute for Research in Fundamental Sciences"
domain_name_irish,"irish","generic","Binky Moon, LLC"
domain_name_is,"is","country-code","ISNIC - Internet Iceland ltd."
domain_name_iselect,"iselect","generic","Not assigned"
domain_name_ismaili,"ismaili","generic","Fondation Aga Khan (Aga Khan Foundation)"
domain_name_ist,"ist","generic","Istanbul Metropolitan Municipality"
domain_name_istanbul,"istanbul","generic","Istanbul Metropolitan Municipality"
domain_name_it,"it","country-code","IIT - CNR"
domain_name_itau,"itau","generic","Itau Unibanco Holding S.A."
domain_name_itv,"itv","generic","ITV Services Limited"
domain_name_iveco,"iveco","generic","Not assigned"
domain_name_iwc,"iwc","generic","Not assigned"
domain_name_jaguar,"jaguar","generic","Jaguar Land Rover Ltd"
domain_name_java,"java","generic","Oracle Corporation"
domain_name_jcb,"jcb","generic","JCB Co., Ltd."
domain_name_jcp,"jcp","generic","Not assigned"
domain_name_je,"je","country-code","Island Networks (Jersey) Ltd."
domain_name_jeep,"jeep","generic","FCA US LLC."
domain_name_jetzt,"jetzt","generic","Binky Moon, LLC"
domain_name_jewelry,"jewelry","generic","Binky Moon, LLC"
domain_name_jio,"jio","generic","Affinity Names, Inc."
domain_name_jlc,"jlc","generic","Not assigned"
domain_name_jll,"jll","generic","Jones Lang LaSalle Incorporated"
domain_name_jm,"jm","country-code","University of West Indies"
domain_name_jmp,"jmp","generic","Matrix IP LLC"
domain_name_jnj,"jnj","generic","Johnson & Johnson Services, Inc."
domain_name_jo,"jo","country-code","Ministry of Digital Economy and Entrepreneurship (MoDEE)"
domain_name_jobs,"jobs","sponsored","Employ Media LLC"
domain_name_joburg,"joburg","generic","ZA Central Registry NPC trading as ZA Central Registry"
domain_name_jot,"jot","generic","Amazon Registry Services, Inc."
domain_name_joy,"joy","generic","Amazon Registry Services, Inc."
domain_name_jp,"jp","country-code","Japan Registry Services Co., Ltd."
domain_name_jpmorgan,"jpmorgan","generic","JPMorgan Chase Bank, National Association"
domain_name_jprs,"jprs","generic","Japan Registry Services Co., Ltd."
domain_name_juegos,"juegos","generic","UNR Corp."
domain_name_juniper,"juniper","generic","JUNIPER NETWORKS, INC."
domain_name_kaufen,"kaufen","generic","Dog Beach, LLC"
domain_name_kddi,"kddi","generic","KDDI CORPORATION"
domain_name_ke,"ke","country-code","Kenya Network Information Center (KeNIC)"
domain_name_kerryhotels,"kerryhotels","generic","Kerry Trading Co. Limited"
domain_name_kerrylogistics,"kerrylogistics","generic","Kerry Trading Co. Limited"
domain_name_kerryproperties,"kerryproperties","generic","Kerry Trading Co. Limited"
domain_name_kfh,"kfh","generic","Kuwait Finance House"
domain_name_kg,"kg","country-code","AsiaInfo Telecommunication Enterprise"
domain_name_kh,"kh","country-code","Telecommunication Regulator of Cambodia (TRC)"
domain_name_ki,"ki","country-code","Ministry of Communications, Transport, and Tourism Development"
domain_name_kia,"kia","generic","KIA MOTORS CORPORATION"
domain_name_kids,"kids","generic","DotKids Foundation Limited"
domain_name_kim,"kim","generic","Afilias Limited"
domain_name_kinder,"kinder","generic","Ferrero Trading Lux S.A."
domain_name_kindle,"kindle","generic","Amazon Registry Services, Inc."
domain_name_kitchen,"kitchen","generic","Binky Moon, LLC"
domain_name_kiwi,"kiwi","generic","DOT KIWI LIMITED"
domain_name_km,"km","country-code","Comores Telecom"
domain_name_kn,"kn","country-code","Ministry of Finance, Sustainable Development Information & Technology"
domain_name_koeln,"koeln","generic","dotKoeln GmbH"
domain_name_komatsu,"komatsu","generic","Komatsu Ltd."
domain_name_kosher,"kosher","generic","Kosher Marketing Assets LLC"
domain_name_kp,"kp","country-code","Star Joint Venture Company"
domain_name_kpmg,"kpmg","generic","KPMG International Cooperative (KPMG International Genossenschaft)"
domain_name_kpn,"kpn","generic","Koninklijke KPN N.V."
domain_name_kr,"kr","country-code","Korea Internet & Security Agency (KISA)"
domain_name_krd,"krd","generic","KRG Department of Information Technology"
domain_name_kred,"kred","generic","KredTLD Pty Ltd"
domain_name_kuokgroup,"kuokgroup","generic","Kerry Trading Co. Limited"
domain_name_kw,"kw","country-code","Communications and Information Technology Regulatory Authority"
domain_name_ky,"ky","country-code","Utility Regulation and Competition Office (OfReg)"
domain_name_kyoto,"kyoto","generic","Academic Institution: Kyoto Jyoho Gakuen"
domain_name_kz,"kz","country-code","Association of IT Companies of Kazakhstan"
domain_name_la,"la","country-code","Lao National Internet Committee (LANIC), Ministry of Posts andTelecommunications"
domain_name_lacaixa,"lacaixa","generic","CAIXA D'ESTALVIS I PENSIONS DE BARCELONA"
domain_name_ladbrokes,"ladbrokes","generic","Not assigned"
domain_name_lamborghini,"lamborghini","generic","Automobili Lamborghini S.p.A."
domain_name_lamer,"lamer","generic","The Estée Lauder Companies Inc."
domain_name_lancaster,"lancaster","generic","LANCASTER"
domain_name_lancia,"lancia","generic","Fiat Chrysler Automobiles N.V."
domain_name_lancome,"lancome","generic","Not assigned"
domain_name_land,"land","generic","Binky Moon, LLC"
domain_name_landrover,"landrover","generic","Jaguar Land Rover Ltd"
domain_name_lanxess,"lanxess","generic","LANXESS Corporation"
domain_name_lasalle,"lasalle","generic","Jones Lang LaSalle Incorporated"
domain_name_lat,"lat","generic","XYZ.COM LLC"
domain_name_latino,"latino","generic","Dish DBS Corporation"
domain_name_latrobe,"latrobe","generic","La Trobe University"
domain_name_law,"law","generic","Registry Services, LLC"
domain_name_lawyer,"lawyer","generic","Dog Beach, LLC"
domain_name_lb,"lb","country-code","American University of Beirut Computing and Networking Services"
domain_name_lc,"lc","country-code","University of Puerto Rico"
domain_name_lds,"lds","generic","IRI Domain Management, LLC"
domain_name_lease,"lease","generic","Binky Moon, LLC"
domain_name_leclerc,"leclerc","generic","A.C.D. LEC Association des Centres Distributeurs Edouard Leclerc"
domain_name_lefrak,"lefrak","generic","LeFrak Organization, Inc."
domain_name_legal,"legal","generic","Binky Moon, LLC"
domain_name_lego,"lego","generic","LEGO Juris A/S"
domain_name_lexus,"lexus","generic","TOYOTA MOTOR CORPORATION"
domain_name_lgbt,"lgbt","generic","Afilias Limited"
domain_name_li,"li","country-code","SWITCH The Swiss Education & Research Network"
domain_name_liaison,"liaison","generic","Not assigned"
domain_name_lidl,"lidl","generic","Schwarz Domains und Services GmbH & Co. KG"
domain_name_life,"life","generic","Binky Moon, LLC"
domain_name_lifeinsurance,"lifeinsurance","generic","American Council of Life Insurers"
domain_name_lifestyle,"lifestyle","generic","Lifestyle Domain Holdings, Inc."
domain_name_lighting,"lighting","generic","Binky Moon, LLC"
domain_name_like,"like","generic","Amazon Registry Services, Inc."
domain_name_lilly,"lilly","generic","Eli Lilly and Company"
domain_name_limited,"limited","generic","Binky Moon, LLC"
domain_name_limo,"limo","generic","Binky Moon, LLC"
domain_name_lincoln,"lincoln","generic","Ford Motor Company"
domain_name_linde,"linde","generic","Linde Aktiengesellschaft"
domain_name_link,"link","generic","Nova Registry Ltd."
domain_name_lipsy,"lipsy","generic","Lipsy Ltd"
domain_name_live,"live","generic","Dog Beach, LLC"
domain_name_living,"living","generic","Lifestyle Domain Holdings, Inc."
domain_name_lixil,"lixil","generic","Not assigned"
domain_name_lk,"lk","country-code","Council for Information Technology LK Domain Registrar"
domain_name_llc,"llc","generic","Afilias Limited"
domain_name_llp,"llp","generic","Intercap Registry Inc."
domain_name_loan,"loan","generic","dot Loan Limited"
domain_name_loans,"loans","generic","Binky Moon, LLC"
domain_name_locker,"locker","generic","Dish DBS Corporation"
domain_name_locus,"locus","generic","Locus Analytics LLC"
domain_name_loft,"loft","generic","Not assigned"
domain_name_lol,"lol","generic","XYZ.COM LLC"
domain_name_london,"london","generic","Dot London Domains Limited"
domain_name_lotte,"lotte","generic","Lotte Holdings Co., Ltd."
domain_name_lotto,"lotto","generic","Afilias Limited"
domain_name_love,"love","generic","Merchant Law Group LLP"
domain_name_lpl,"lpl","generic","LPL Holdings, Inc."
domain_name_lplfinancial,"lplfinancial","generic","LPL Holdings, Inc."
domain_name_lr,"lr","country-code","Data Technology Solutions, Inc."
domain_name_ls,"ls","country-code","Lesotho Network Information Centre Proprietary (LSNIC)"
domain_name_lt,"lt","country-code","Kaunas University of Technology"
domain_name_ltd,"ltd","generic","Binky Moon, LLC"
domain_name_ltda,"ltda","generic","InterNetX Corp."
domain_name_lu,"lu","country-code","RESTENA"
domain_name_lundbeck,"lundbeck","generic","H. Lundbeck A/S"
domain_name_lupin,"lupin","generic","Not assigned"
domain_name_luxe,"luxe","generic","Registry Services, LLC"
domain_name_luxury,"luxury","generic","Luxury Partners LLC"
domain_name_lv,"lv","country-code","University of Latvia Institute of Mathematics and Computer Science Departmentof Network Solutions (DNS)"
domain_name_ly,"ly","country-code","General Post and Telecommunication Company"
domain_name_ma,"ma","country-code","Agence Nationale de Réglementation des Télécommunications (ANRT)"
domain_name_macys,"macys","generic","Macys, Inc."
domain_name_madrid,"madrid","generic","Comunidad de Madrid"
domain_name_maif,"maif","generic","Mutuelle Assurance Instituteur France (MAIF)"
domain_name_maison,"maison","generic","Binky Moon, LLC"
domain_name_makeup,"makeup","generic","XYZ.COM LLC"
domain_name_man,"man","generic","MAN SE"
domain_name_management,"management","generic","Binky Moon, LLC"
domain_name_mango,"mango","generic","PUNTO FA S.L."
domain_name_map,"map","generic","Charleston Road Registry Inc."
domain_name_market,"market","generic","Dog Beach, LLC"
domain_name_marketing,"marketing","generic","Binky Moon, LLC"
domain_name_markets,"markets","generic","Dog Beach, LLC"
domain_name_marriott,"marriott","generic","Marriott Worldwide Corporation"
domain_name_marshalls,"marshalls","generic","The TJX Companies, Inc."
domain_name_maserati,"maserati","generic","Fiat Chrysler Automobiles N.V."
domain_name_mattel,"mattel","generic","Mattel Sites, Inc."
domain_name_mba,"mba","generic","Binky Moon, LLC"
domain_name_mc,"mc","country-code","Direction des Plateformes et des Ressources Numériques"
domain_name_mcd,"mcd","generic","Not assigned"
domain_name_mcdonalds,"mcdonalds","generic","Not assigned"
domain_name_mckinsey,"mckinsey","generic","McKinsey Holdings, Inc."
domain_name_md,"md","country-code","IP Serviciul Tehnologia Informatiei si Securitate Cibernetica"
domain_name_me,"me","country-code","Government of Montenegro"
domain_name_med,"med","generic","Medistry LLC"
domain_name_media,"media","generic","Binky Moon, LLC"
domain_name_meet,"meet","generic","Charleston Road Registry Inc."
domain_name_melbourne,"melbourne","generic","The Crown in right of the State of Victoria, represented by its Department ofState Development, Business and Innovation"
domain_name_meme,"meme","generic","Charleston Road Registry Inc."
domain_name_memorial,"memorial","generic","Dog Beach, LLC"
domain_name_men,"men","generic","Exclusive Registry Limited"
domain_name_menu,"menu","generic","Dot Menu Registry LLC"
domain_name_meo,"meo","generic","Not assigned"
domain_name_merckmsd,"merckmsd","generic","MSD Registry Holdings, Inc."
domain_name_metlife,"metlife","generic","Not assigned"
domain_name_mf,"mf","country-code","Not assigned"
domain_name_mg,"mg","country-code","NIC-MG (Network Information Center Madagascar)"
domain_name_mh,"mh","country-code","Office of the Cabinet"
domain_name_miami,"miami","generic","Registry Services, LLC"
domain_name_microsoft,"microsoft","generic","Microsoft Corporation"
domain_name_mil,"mil","sponsored","DoD Network Information Center"
domain_name_mini,"mini","generic","Bayerische Motoren Werke Aktiengesellschaft"
domain_name_mint,"mint","generic","Intuit Administrative Services, Inc."
domain_name_mit,"mit","generic","Massachusetts Institute of Technology"
domain_name_mitsubishi,"mitsubishi","generic","Mitsubishi Corporation"
domain_name_mk,"mk","country-code","Macedonian Academic Research Network Skopje"
domain_name_ml,"ml","country-code","Agence des Technologies de l’Information et de la Communication"
domain_name_mlb,"mlb","generic","MLB Advanced Media DH, LLC"
domain_name_mls,"mls","generic","The Canadian Real Estate Association"
domain_name_mm,"mm","country-code","Ministry of Transport and Communications"
domain_name_mma,"mma","generic","MMA IARD"
domain_name_mn,"mn","country-code","Datacom Co., Ltd."
domain_name_mo,"mo","country-code","Macao Post and Telecommunications Bureau (CTT)"
domain_name_mobi,"mobi","generic","Afilias Limited"
domain_name_mobile,"mobile","generic","Dish DBS Corporation"
domain_name_mobily,"mobily","generic","Not assigned"
domain_name_moda,"moda","generic","Dog Beach, LLC"
domain_name_moe,"moe","generic","Interlink Systems Innovation Institute K.K."
domain_name_moi,"moi","generic","Amazon Registry Services, Inc."
domain_name_mom,"mom","generic","XYZ.COM LLC"
domain_name_monash,"monash","generic","Monash University"
domain_name_money,"money","generic","Binky Moon, LLC"
domain_name_monster,"monster","generic","XYZ.COM LLC"
domain_name_montblanc,"montblanc","generic","Not assigned"
domain_name_mopar,"mopar","generic","Not assigned"
domain_name_mormon,"mormon","generic","IRI Domain Management, LLC ("Applicant")"
domain_name_mortgage,"mortgage","generic","Dog Beach, LLC"
domain_name_moscow,"moscow","generic","Foundation for Assistance for Internet Technologies and InfrastructureDevelopment (FAITID)"
domain_name_moto,"moto","generic","Motorola Trademark Holdings, LLC"
domain_name_motorcycles,"motorcycles","generic","XYZ.COM LLC"
domain_name_mov,"mov","generic","Charleston Road Registry Inc."
domain_name_movie,"movie","generic","Binky Moon, LLC"
domain_name_movistar,"movistar","generic","Not assigned"
domain_name_mp,"mp","country-code","Saipan Datacom, Inc."
domain_name_mq,"mq","country-code","CANAL+ TELECOM"
domain_name_mr,"mr","country-code","Université de Nouakchott Al Aasriya"
domain_name_ms,"ms","country-code","MNI Networks Ltd."
domain_name_msd,"msd","generic","MSD Registry Holdings, Inc."
domain_name_mt,"mt","country-code","NIC (Malta)"
domain_name_mtn,"mtn","generic","MTN Dubai Limited"
domain_name_mtpc,"mtpc","generic","Not assigned"
domain_name_mtr,"mtr","generic","MTR Corporation Limited"
domain_name_mu,"mu","country-code","Internet Direct Ltd"
domain_name_museum,"museum","sponsored","Museum Domain Management Association"
domain_name_music,"music","generic","DotMusic Limited"
domain_name_mutual,"mutual","generic","Northwestern Mutual MU TLD Registry, LLC"
domain_name_mutuelle,"mutuelle","generic","Not assigned"
domain_name_mv,"mv","country-code","Dhiraagu Pvt. Ltd. (DHIVEHINET)"
domain_name_mw,"mw","country-code","Malawi Sustainable Development Network Programme (Malawi SDNP)"
domain_name_mx,"mx","country-code","NIC-Mexico ITESM - Campus Monterrey"
domain_name_my,"my","country-code","MYNIC Berhad"
domain_name_mz,"mz","country-code","Centro de Informatica de Universidade Eduardo Mondlane"
domain_name_na,"na","country-code","Namibian Network Information Center"
domain_name_nab,"nab","generic","National Australia Bank Limited"
domain_name_nadex,"nadex","generic","Not assigned"
domain_name_nagoya,"nagoya","generic","GMO Registry, Inc."
domain_name_name,"name","generic-restricted","VeriSign Information Services, Inc."
domain_name_nationwide,"nationwide","generic","Not assigned"
domain_name_natura,"natura","generic","NATURA COSMÉTICOS S.A."
domain_name_navy,"navy","generic","Dog Beach, LLC"
domain_name_nba,"nba","generic","NBA REGISTRY, LLC"
domain_name_nc,"nc","country-code","Office des Postes et Telecommunications"
domain_name_ne,"ne","country-code","SONITEL"
domain_name_nec,"nec","generic","NEC Corporation"
domain_name_net,"net","generic","VeriSign Global Registry Services"
domain_name_netbank,"netbank","generic","COMMONWEALTH BANK OF AUSTRALIA"
domain_name_netflix,"netflix","generic","Netflix, Inc."
domain_name_network,"network","generic","Binky Moon, LLC"
domain_name_neustar,"neustar","generic","NeuStar, Inc."
domain_name_new,"new","generic","Charleston Road Registry Inc."
domain_name_newholland,"newholland","generic","Not assigned"
domain_name_news,"news","generic","Dog Beach, LLC"
domain_name_next,"next","generic","Next plc"
domain_name_nextdirect,"nextdirect","generic","Next plc"
domain_name_nexus,"nexus","generic","Charleston Road Registry Inc."
domain_name_nf,"nf","country-code","Norfolk Island Data Services"
domain_name_nfl,"nfl","generic","NFL Reg Ops LLC"
domain_name_ng,"ng","country-code","Nigeria Internet Registration Association"
domain_name_ngo,"ngo","generic","Public Interest Registry"
domain_name_nhk,"nhk","generic","Japan Broadcasting Corporation (NHK)"
domain_name_ni,"ni","country-code","Universidad Nacional del Ingernieria Centro de Computo"
domain_name_nico,"nico","generic","DWANGO Co., Ltd."
domain_name_nike,"nike","generic","NIKE, Inc."
domain_name_nikon,"nikon","generic","NIKON CORPORATION"
domain_name_ninja,"ninja","generic","Dog Beach, LLC"
domain_name_nissan,"nissan","generic","NISSAN MOTOR CO., LTD."
domain_name_nissay,"nissay","generic","Nippon Life Insurance Company"
domain_name_nl,"nl","country-code","SIDN (Stichting Internet Domeinregistratie Nederland)"
domain_name_no,"no","country-code","Norid A/S"
domain_name_nokia,"nokia","generic","Nokia Corporation"
domain_name_northwesternmutual,"northwesternmutual","generic","Northwestern Mutual Registry, LLC"
domain_name_norton,"norton","generic","Symantec Corporation"
domain_name_now,"now","generic","Amazon Registry Services, Inc."
domain_name_nowruz,"nowruz","generic","Asia Green IT System Bilgisayar San. ve Tic. Ltd. Sti."
domain_name_nowtv,"nowtv","generic","Starbucks (HK) Limited"
domain_name_np,"np","country-code","Mercantile Communications Pvt. Ltd."
domain_name_nr,"nr","country-code","CENPAC NET"
domain_name_nra,"nra","generic","NRA Holdings Company, INC."
domain_name_nrw,"nrw","generic","Minds + Machines GmbH"
domain_name_ntt,"ntt","generic","NIPPON TELEGRAPH AND TELEPHONE CORPORATION"
domain_name_nu,"nu","country-code","The IUSN Foundation"
domain_name_nyc,"nyc","generic","The City of New York by and through the New York City Department ofInformation Technology & Telecommunications"
domain_name_nz,"nz","country-code","InternetNZ"
domain_name_obi,"obi","generic","OBI Group Holding SE & Co. KGaA"
domain_name_observer,"observer","generic","Dog Beach, LLC"
domain_name_off,"off","generic","Not assigned"
domain_name_office,"office","generic","Microsoft Corporation"
domain_name_okinawa,"okinawa","generic","BRregistry, Inc."
domain_name_olayan,"olayan","generic","Crescent Holding GmbH"
domain_name_olayangroup,"olayangroup","generic","Crescent Holding GmbH"
domain_name_oldnavy,"oldnavy","generic","The Gap, Inc."
domain_name_ollo,"ollo","generic","Dish DBS Corporation"
domain_name_om,"om","country-code","Telecommunications Regulatory Authority (TRA)"
domain_name_omega,"omega","generic","The Swatch Group Ltd"
domain_name_one,"one","generic","One.com A/S"
domain_name_ong,"ong","generic","Public Interest Registry"
domain_name_onl,"onl","generic","iRegistry GmbH"
domain_name_online,"online","generic","Radix FZC"
domain_name_onyourside,"onyourside","generic","Not assigned"
domain_name_ooo,"ooo","generic","INFIBEAM INCORPORATION LIMITED"
domain_name_open,"open","generic","American Express Travel Related Services Company, Inc."
domain_name_oracle,"oracle","generic","Oracle Corporation"
domain_name_orange,"orange","generic","Orange Brand Services Limited"
domain_name_org,"org","generic","Public Interest Registry (PIR)"
domain_name_organic,"organic","generic","Afilias Limited"
domain_name_orientexpress,"orientexpress","generic","Not assigned"
domain_name_origins,"origins","generic","The Estée Lauder Companies Inc."
domain_name_osaka,"osaka","generic","Osaka Registry Co., Ltd."
domain_name_otsuka,"otsuka","generic","Otsuka Holdings Co., Ltd."
domain_name_ott,"ott","generic","Dish DBS Corporation"
domain_name_ovh,"ovh","generic","OVH SAS"
domain_name_pa,"pa","country-code","Universidad Tecnologica de Panama"
domain_name_page,"page","generic","Charleston Road Registry Inc."
domain_name_pamperedchef,"pamperedchef","generic","Not assigned"
domain_name_panasonic,"panasonic","generic","Panasonic Corporation"
domain_name_panerai,"panerai","generic","Not assigned"
domain_name_paris,"paris","generic","City of Paris"
domain_name_pars,"pars","generic","Asia Green IT System Bilgisayar San. ve Tic. Ltd. Sti."
domain_name_partners,"partners","generic","Binky Moon, LLC"
domain_name_parts,"parts","generic","Binky Moon, LLC"
domain_name_party,"party","generic","Blue Sky Registry Limited"
domain_name_passagens,"passagens","generic","Travel Reservations SRL"
domain_name_pay,"pay","generic","Amazon Registry Services, Inc."
domain_name_pccw,"pccw","generic","PCCW Enterprises Limited"
domain_name_pe,"pe","country-code","Red Cientifica Peruana"
domain_name_pet,"pet","generic","Afilias Limited"
domain_name_pf,"pf","country-code","Gouvernement de la Polynésie française"
domain_name_pfizer,"pfizer","generic","Pfizer Inc."
domain_name_pg,"pg","country-code","PNG DNS Administration Vice Chancellors Office The Papua New Guinea Universityof Technology"
domain_name_ph,"ph","country-code","PH Domain Foundation"
domain_name_pharmacy,"pharmacy","generic","National Association of Boards of Pharmacy"
domain_name_phd,"phd","generic","Charleston Road Registry Inc."
domain_name_philips,"philips","generic","Koninklijke Philips N.V."
domain_name_phone,"phone","generic","Dish DBS Corporation"
domain_name_photo,"photo","generic","Registry Services, LLC"
domain_name_photography,"photography","generic","Binky Moon, LLC"
domain_name_photos,"photos","generic","Binky Moon, LLC"
domain_name_physio,"physio","generic","PhysBiz Pty Ltd"
domain_name_piaget,"piaget","generic","Not assigned"
domain_name_pics,"pics","generic","XYZ.COM LLC"
domain_name_pictet,"pictet","generic","Pictet Europe S.A."
domain_name_pictures,"pictures","generic","Binky Moon, LLC"
domain_name_pid,"pid","generic","Top Level Spectrum, Inc."
domain_name_pin,"pin","generic","Amazon Registry Services, Inc."
domain_name_ping,"ping","generic","Ping Registry Provider, Inc."
domain_name_pink,"pink","generic","Afilias Limited"
domain_name_pioneer,"pioneer","generic","Pioneer Corporation"
domain_name_pizza,"pizza","generic","Binky Moon, LLC"
domain_name_pk,"pk","country-code","PKNIC"
domain_name_pl,"pl","country-code","Research and Academic Computer Network"
domain_name_place,"place","generic","Binky Moon, LLC"
domain_name_play,"play","generic","Charleston Road Registry Inc."
domain_name_playstation,"playstation","generic","Sony Computer Entertainment Inc."
domain_name_plumbing,"plumbing","generic","Binky Moon, LLC"
domain_name_plus,"plus","generic","Binky Moon, LLC"
domain_name_pm,"pm","country-code","Association Française pour le Nommage Internet en Coopération (A.F.N.I.C.)"
domain_name_pn,"pn","country-code","Pitcairn Island Administration"
domain_name_pnc,"pnc","generic","PNC Domain Co., LLC"
domain_name_pohl,"pohl","generic","Deutsche Vermögensberatung Aktiengesellschaft DVAG"
domain_name_poker,"poker","generic","Afilias Limited"
domain_name_politie,"politie","generic","Politie Nederland"
domain_name_porn,"porn","generic","ICM Registry PN LLC"
domain_name_post,"post","sponsored","Universal Postal Union"
domain_name_pr,"pr","country-code","Gauss Research Laboratory Inc."
domain_name_pramerica,"pramerica","generic","Prudential Financial, Inc."
domain_name_praxi,"praxi","generic","Praxi S.p.A."
domain_name_press,"press","generic","Radix FZC"
domain_name_prime,"prime","generic","Amazon Registry Services, Inc."
domain_name_pro,"pro","generic-restricted","Afilias Limited"
domain_name_prod,"prod","generic","Charleston Road Registry Inc."
domain_name_productions,"productions","generic","Binky Moon, LLC"
domain_name_prof,"prof","generic","Charleston Road Registry Inc."
domain_name_progressive,"progressive","generic","Progressive Casualty Insurance Company"
domain_name_promo,"promo","generic","Afilias Limited"
domain_name_properties,"properties","generic","Binky Moon, LLC"
domain_name_property,"property","generic","Internet Naming Co."
domain_name_protection,"protection","generic","XYZ.COM LLC"
domain_name_pru,"pru","generic","Prudential Financial, Inc."
domain_name_prudential,"prudential","generic","Prudential Financial, Inc."
domain_name_ps,"ps","country-code","Ministry Of Telecommunications & Information Technology, Government ComputerCenter."
domain_name_pt,"pt","country-code","Associação DNS.PT"
domain_name_pub,"pub","generic","Dog Beach, LLC"
domain_name_pw,"pw","country-code","Micronesia Investment and Development Corporation"
domain_name_pwc,"pwc","generic","PricewaterhouseCoopers LLP"
domain_name_py,"py","country-code","NIC-PY"
domain_name_qa,"qa","country-code","Communications Regulatory Authority"
domain_name_qpon,"qpon","generic","dotCOOL, Inc."
domain_name_quebec,"quebec","generic","PointQuébec Inc"
domain_name_quest,"quest","generic","XYZ.COM LLC"
domain_name_qvc,"qvc","generic","Not assigned"
domain_name_racing,"racing","generic","Premier Registry Limited"
domain_name_radio,"radio","generic","European Broadcasting Union (EBU)"
domain_name_raid,"raid","generic","Not assigned"
domain_name_re,"re","country-code","Association Française pour le Nommage Internet en Coopération (A.F.N.I.C.)"
domain_name_read,"read","generic","Amazon Registry Services, Inc."
domain_name_realestate,"realestate","generic","dotRealEstate LLC"
domain_name_realtor,"realtor","generic","Real Estate Domains LLC"
domain_name_realty,"realty","generic","Dog Beach, LLC"
domain_name_recipes,"recipes","generic","Binky Moon, LLC"
domain_name_red,"red","generic","Afilias Limited"
domain_name_redstone,"redstone","generic","Redstone Haute Couture Co., Ltd."
domain_name_redumbrella,"redumbrella","generic","Travelers TLD, LLC"
domain_name_rehab,"rehab","generic","Dog Beach, LLC"
domain_name_reise,"reise","generic","Binky Moon, LLC"
domain_name_reisen,"reisen","generic","Binky Moon, LLC"
domain_name_reit,"reit","generic","National Association of Real Estate Investment Trusts, Inc."
domain_name_reliance,"reliance","generic","Reliance Industries Limited"
domain_name_ren,"ren","generic","ZDNS International Limited"
domain_name_rent,"rent","generic","XYZ.COM LLC"
domain_name_rentals,"rentals","generic","Binky Moon, LLC"
domain_name_repair,"repair","generic","Binky Moon, LLC"
domain_name_report,"report","generic","Binky Moon, LLC"
domain_name_republican,"republican","generic","Dog Beach, LLC"
domain_name_rest,"rest","generic","Punto 2012 Sociedad Anonima Promotora de Inversion de Capital Variable"
domain_name_restaurant,"restaurant","generic","Binky Moon, LLC"
domain_name_review,"review","generic","dot Review Limited"
domain_name_reviews,"reviews","generic","Dog Beach, LLC"
domain_name_rexroth,"rexroth","generic","Robert Bosch GMBH"
domain_name_rich,"rich","generic","iRegistry GmbH"
domain_name_richardli,"richardli","generic","Pacific Century Asset Management (HK) Limited"
domain_name_ricoh,"ricoh","generic","Ricoh Company, Ltd."
domain_name_rightathome,"rightathome","generic","Not assigned"
domain_name_ril,"ril","generic","Reliance Industries Limited"
domain_name_rio,"rio","generic","Empresa Municipal de Informática SA - IPLANRIO"
domain_name_rip,"rip","generic","Dog Beach, LLC"
domain_name_rmit,"rmit","generic","Not assigned"
domain_name_ro,"ro","country-code","National Institute for R&D in Informatics"
domain_name_rocher,"rocher","generic","Ferrero Trading Lux S.A."
domain_name_rocks,"rocks","generic","Dog Beach, LLC"
domain_name_rodeo,"rodeo","generic","Registry Services, LLC"
domain_name_rogers,"rogers","generic","Rogers Communications Canada Inc."
domain_name_room,"room","generic","Amazon Registry Services, Inc."
domain_name_rs,"rs","country-code","Serbian National Internet Domain Registry (RNIDS)"
domain_name_rsvp,"rsvp","generic","Charleston Road Registry Inc."
domain_name_ru,"ru","country-code","Coordination Center for TLD RU"
domain_name_rugby,"rugby","generic","World Rugby Strategic Developments Limited"
domain_name_ruhr,"ruhr","generic","dotSaarland GmbH"
domain_name_run,"run","generic","Binky Moon, LLC"
domain_name_rw,"rw","country-code","Rwanda Internet Community and Technology Alliance (RICTA) Ltd"
domain_name_rwe,"rwe","generic","RWE AG"
domain_name_ryukyu,"ryukyu","generic","BRregistry, Inc."
domain_name_sa,"sa","country-code","Communications and Information Technology Commission"
domain_name_saarland,"saarland","generic","dotSaarland GmbH"
domain_name_safe,"safe","generic","Amazon Registry Services, Inc."
domain_name_safety,"safety","generic","Safety Registry Services, LLC."
domain_name_sakura,"sakura","generic","SAKURA internet Inc."
domain_name_sale,"sale","generic","Dog Beach, LLC"
domain_name_salon,"salon","generic","Binky Moon, LLC"
domain_name_samsclub,"samsclub","generic","Wal-Mart Stores, Inc."
domain_name_samsung,"samsung","generic","SAMSUNG SDS CO., LTD"
domain_name_sandvik,"sandvik","generic","Sandvik AB"
domain_name_sandvikcoromant,"sandvikcoromant","generic","Sandvik AB"
domain_name_sanofi,"sanofi","generic","Sanofi"
domain_name_sap,"sap","generic","SAP AG"
domain_name_sapo,"sapo","generic","Not assigned"
domain_name_sarl,"sarl","generic","Binky Moon, LLC"
domain_name_sas,"sas","generic","Research IP LLC"
domain_name_save,"save","generic","Amazon Registry Services, Inc."
domain_name_saxo,"saxo","generic","Saxo Bank A/S"
domain_name_sb,"sb","country-code","Solomon Telekom Company Limited"
domain_name_sbi,"sbi","generic","STATE BANK OF INDIA"
domain_name_sbs,"sbs","generic","SPECIAL BROADCASTING SERVICE CORPORATION"
domain_name_sc,"sc","country-code","VCS Pty Ltd"
domain_name_sca,"sca","generic","SVENSKA CELLULOSA AKTIEBOLAGET SCA (publ)"
domain_name_scb,"scb","generic","The Siam Commercial Bank Public Company Limited ("SCB")"
domain_name_schaeffler,"schaeffler","generic","Schaeffler Technologies AG & Co. KG"
domain_name_schmidt,"schmidt","generic","SCHMIDT GROUPE S.A.S."
domain_name_scholarships,"scholarships","generic","Scholarships.com, LLC"
domain_name_school,"school","generic","Binky Moon, LLC"
domain_name_schule,"schule","generic","Binky Moon, LLC"
domain_name_schwarz,"schwarz","generic","Schwarz Domains und Services GmbH & Co. KG"
domain_name_science,"science","generic","dot Science Limited"
domain_name_scjohnson,"scjohnson","generic","Not assigned"
domain_name_scor,"scor","generic","Not assigned"
domain_name_scot,"scot","generic","Dot Scot Registry Limited"
domain_name_sd,"sd","country-code","Sudan Internet Society"
domain_name_se,"se","country-code","The Internet Infrastructure Foundation"
domain_name_search,"search","generic","Charleston Road Registry Inc."
domain_name_seat,"seat","generic","SEAT, S.A. (Sociedad Unipersonal)"
domain_name_secure,"secure","generic","Amazon Registry Services, Inc."
domain_name_security,"security","generic","XYZ.COM LLC"
domain_name_seek,"seek","generic","Seek Limited"
domain_name_select,"select","generic","Registry Services, LLC"
domain_name_sener,"sener","generic","Sener Ingeniería y Sistemas, S.A."
domain_name_services,"services","generic","Binky Moon, LLC"
domain_name_ses,"ses","generic","Not assigned"
domain_name_seven,"seven","generic","Seven West Media Ltd"
domain_name_sew,"sew","generic","SEW-EURODRIVE GmbH & Co KG"
domain_name_sex,"sex","generic","ICM Registry SX LLC"
domain_name_sexy,"sexy","generic","Internet Naming Co."
domain_name_sfr,"sfr","generic","Societe Francaise du Radiotelephone - SFR"
domain_name_sg,"sg","country-code","Singapore Network Information Centre (SGNIC) Pte Ltd"
domain_name_sh,"sh","country-code","Government of St. Helena"
domain_name_shangrila,"shangrila","generic","Shangri‐La International Hotel Management Limited"
domain_name_sharp,"sharp","generic","Sharp Corporation"
domain_name_shaw,"shaw","generic","Shaw Cablesystems G.P."
domain_name_shell,"shell","generic","Shell Information Technology International Inc"
domain_name_shia,"shia","generic","Asia Green IT System Bilgisayar San. ve Tic. Ltd. Sti."
domain_name_shiksha,"shiksha","generic","Afilias Limited"
domain_name_shoes,"shoes","generic","Binky Moon, LLC"
domain_name_shop,"shop","generic","GMO Registry, Inc."
domain_name_shopping,"shopping","generic","Binky Moon, LLC"
domain_name_shouji,"shouji","generic","QIHOO 360 TECHNOLOGY CO. LTD."
domain_name_show,"show","generic","Binky Moon, LLC"
domain_name_showtime,"showtime","generic","CBS Domains Inc."
domain_name_shriram,"shriram","generic","Not assigned"
domain_name_si,"si","country-code","Academic and Research Network of Slovenia (ARNES)"
domain_name_silk,"silk","generic","Amazon Registry Services, Inc."
domain_name_sina,"sina","generic","Sina Corporation"
domain_name_singles,"singles","generic","Binky Moon, LLC"
domain_name_site,"site","generic","Radix FZC"
domain_name_sj,"sj","country-code","Norid A/S"
domain_name_sk,"sk","country-code","SK-NIC, a.s."
domain_name_ski,"ski","generic","Afilias Limited"
domain_name_skin,"skin","generic","XYZ.COM LLC"
domain_name_sky,"sky","generic","Sky International AG"
domain_name_skype,"skype","generic","Microsoft Corporation"
domain_name_sl,"sl","country-code","Sierratel"
domain_name_sling,"sling","generic","Hughes Satellite Systems Corporation"
domain_name_sm,"sm","country-code","Telecom Italia San Marino S.p.A."
domain_name_smart,"smart","generic","Smart Communications, Inc. (SMART)"
domain_name_smile,"smile","generic","Amazon Registry Services, Inc."
domain_name_sn,"sn","country-code","Universite Cheikh Anta Diop"
domain_name_sncf,"sncf","generic","SNCF (Société Nationale des Chemins de fer Francais)"
domain_name_so,"so","country-code","Ministry of Post and Telecommunications"
domain_name_soccer,"soccer","generic","Binky Moon, LLC"
domain_name_social,"social","generic","Dog Beach, LLC"
domain_name_softbank,"softbank","generic","SoftBank Group Corp."
domain_name_software,"software","generic","Dog Beach, LLC"
domain_name_sohu,"sohu","generic","Sohu.com Limited"
domain_name_solar,"solar","generic","Binky Moon, LLC"
domain_name_solutions,"solutions","generic","Binky Moon, LLC"
domain_name_song,"song","generic","Amazon Registry Services, Inc."
domain_name_sony,"sony","generic","Sony Corporation"
domain_name_soy,"soy","generic","Charleston Road Registry Inc."
domain_name_spa,"spa","generic","Asia Spa and Wellness Promotion Council Limited"
domain_name_space,"space","generic","Radix FZC"
domain_name_spiegel,"spiegel","generic","Not assigned"
domain_name_sport,"sport","generic","Global Association of International Sports Federations (GAISF)"
domain_name_spot,"spot","generic","Amazon Registry Services, Inc."
domain_name_spreadbetting,"spreadbetting","generic","Not assigned"
domain_name_sr,"sr","country-code","Telesur"
domain_name_srl,"srl","generic","InterNetX Corp."
domain_name_srt,"srt","generic","Not assigned"
domain_name_ss,"ss","country-code","National Communication Authority (NCA)"
domain_name_st,"st","country-code","Tecnisys"
domain_name_stada,"stada","generic","STADA Arzneimittel AG"
domain_name_staples,"staples","generic","Staples, Inc."
domain_name_star,"star","generic","Star India Private Limited"
domain_name_starhub,"starhub","generic","Not assigned"
domain_name_statebank,"statebank","generic","STATE BANK OF INDIA"
domain_name_statefarm,"statefarm","generic","State Farm Mutual Automobile Insurance Company"
domain_name_statoil,"statoil","generic","Not assigned"
domain_name_stc,"stc","generic","Saudi Telecom Company"
domain_name_stcgroup,"stcgroup","generic","Saudi Telecom Company"
domain_name_stockholm,"stockholm","generic","Stockholms kommun"
domain_name_storage,"storage","generic","XYZ.COM LLC"
domain_name_store,"store","generic","Radix FZC"
domain_name_stream,"stream","generic","dot Stream Limited"
domain_name_studio,"studio","generic","Dog Beach, LLC"
domain_name_study,"study","generic","Registry Services, LLC"
domain_name_style,"style","generic","Binky Moon, LLC"
domain_name_su,"su","country-code","Russian Institute for Development of Public Networks (ROSNIIROS)"
domain_name_sucks,"sucks","generic","Vox Populi Registry Ltd."
domain_name_supplies,"supplies","generic","Binky Moon, LLC"
domain_name_supply,"supply","generic","Binky Moon, LLC"
domain_name_support,"support","generic","Binky Moon, LLC"
domain_name_surf,"surf","generic","Registry Services, LLC"
domain_name_surgery,"surgery","generic","Binky Moon, LLC"
domain_name_suzuki,"suzuki","generic","SUZUKI MOTOR CORPORATION"
domain_name_sv,"sv","country-code","SVNet"
domain_name_swatch,"swatch","generic","The Swatch Group Ltd"
domain_name_swiftcover,"swiftcover","generic","Not assigned"
domain_name_swiss,"swiss","generic","Swiss Confederation"
domain_name_sx,"sx","country-code","SX Registry SA B.V."
domain_name_sy,"sy","country-code","National Agency for Network Services (NANS)"
domain_name_sydney,"sydney","generic","State of New South Wales, Department of Premier and Cabinet"
domain_name_symantec,"symantec","generic","Not assigned"
domain_name_systems,"systems","generic","Binky Moon, LLC"
domain_name_sz,"sz","country-code","University of Swaziland Department of Computer Science"
domain_name_tab,"tab","generic","Tabcorp Holdings Limited"
domain_name_taipei,"taipei","generic","Taipei City Government"
domain_name_talk,"talk","generic","Amazon Registry Services, Inc."
domain_name_taobao,"taobao","generic","Alibaba Group Holding Limited"
domain_name_target,"target","generic","Target Domain Holdings, LLC"
domain_name_tatamotors,"tatamotors","generic","Tata Motors Ltd"
domain_name_tatar,"tatar","generic","Limited Liability Company "Coordination Center of Regional Domain of TatarstanRepublic""
domain_name_tattoo,"tattoo","generic","Top Level Design, LLC"
domain_name_tax,"tax","generic","Binky Moon, LLC"
domain_name_taxi,"taxi","generic","Binky Moon, LLC"
domain_name_tc,"tc","country-code","Melrex TC"
domain_name_tci,"tci","generic","Asia Green IT System Bilgisayar San. ve Tic. Ltd. Sti."
domain_name_td,"td","country-code","l'Agence de Développement des Technologies de l'Information et de laCommunication (ADETIC)"
domain_name_tdk,"tdk","generic","TDK Corporation"
domain_name_team,"team","generic","Binky Moon, LLC"
domain_name_tech,"tech","generic","Radix FZC"
domain_name_technology,"technology","generic","Binky Moon, LLC"
domain_name_tel,"tel","sponsored","Telnames Ltd."
domain_name_telecity,"telecity","generic","Not assigned"
domain_name_telefonica,"telefonica","generic","Not assigned"
domain_name_temasek,"temasek","generic","Temasek Holdings (Private) Limited"
domain_name_tennis,"tennis","generic","Binky Moon, LLC"
domain_name_teva,"teva","generic","Teva Pharmaceutical Industries Limited"
domain_name_tf,"tf","country-code","Association Française pour le Nommage Internet en Coopération (A.F.N.I.C.)"
domain_name_tg,"tg","country-code","Autorité de Régulation des Communications Electroniques et des Postes (ARCEP)"
domain_name_th,"th","country-code","Thai Network Information Center Foundation"
domain_name_thd,"thd","generic","Home Depot Product Authority, LLC"
domain_name_theater,"theater","generic","Binky Moon, LLC"
domain_name_theatre,"theatre","generic","XYZ.COM LLC"
domain_name_tiaa,"tiaa","generic","Teachers Insurance and Annuity Association of America"
domain_name_tickets,"tickets","generic","XYZ.COM LLC"
domain_name_tienda,"tienda","generic","Binky Moon, LLC"
domain_name_tiffany,"tiffany","generic","Tiffany and Company"
domain_name_tips,"tips","generic","Binky Moon, LLC"
domain_name_tires,"tires","generic","Binky Moon, LLC"
domain_name_tirol,"tirol","generic","punkt Tirol GmbH"
domain_name_tj,"tj","country-code","Information Technology Center"
domain_name_tjmaxx,"tjmaxx","generic","The TJX Companies, Inc."
domain_name_tjx,"tjx","generic","The TJX Companies, Inc."
domain_name_tk,"tk","country-code","Telecommunication Tokelau Corporation (Teletok)"
domain_name_tkmaxx,"tkmaxx","generic","The TJX Companies, Inc."
domain_name_tl,"tl","country-code","Autoridade Nacional de Comunicações"
domain_name_tm,"tm","country-code","TM Domain Registry Ltd"
domain_name_tmall,"tmall","generic","Alibaba Group Holding Limited"
domain_name_tn,"tn","country-code","Agence Tunisienne d'Internet"
domain_name_to,"to","country-code","Government of the Kingdom of Tonga H.R.H. Crown Prince Tupouto'a c/o Consulateof Tonga"
domain_name_today,"today","generic","Binky Moon, LLC"
domain_name_tokyo,"tokyo","generic","GMO Registry, Inc."
domain_name_tools,"tools","generic","Binky Moon, LLC"
domain_name_top,"top","generic","Jiangsu Bangning Science & Technology Co.,Ltd."
domain_name_toray,"toray","generic","Toray Industries, Inc."
domain_name_toshiba,"toshiba","generic","TOSHIBA Corporation"
domain_name_total,"total","generic","Total SA"
domain_name_tours,"tours","generic","Binky Moon, LLC"
domain_name_town,"town","generic","Binky Moon, LLC"
domain_name_toyota,"toyota","generic","TOYOTA MOTOR CORPORATION"
domain_name_toys,"toys","generic","Binky Moon, LLC"
domain_name_tp,"tp","country-code","Not assigned"
domain_name_tr,"tr","country-code","Bilgi Teknolojileri ve İletişim Kurumu (BTK)"
domain_name_trade,"trade","generic","Elite Registry Limited"
domain_name_trading,"trading","generic","Dog Beach, LLC"
domain_name_training,"training","generic","Binky Moon, LLC"
domain_name_travel,"travel","sponsored","Dog Beach, LLC"
domain_name_travelchannel,"travelchannel","generic","Lifestyle Domain Holdings, Inc."
domain_name_travelers,"travelers","generic","Travelers TLD, LLC"
domain_name_travelersinsurance,"travelersinsurance","generic","Travelers TLD, LLC"
domain_name_trust,"trust","generic","Internet Naming Co."
domain_name_trv,"trv","generic","Travelers TLD, LLC"
domain_name_tt,"tt","country-code","University of the West Indies Faculty of Engineering"
domain_name_tube,"tube","generic","Latin American Telecom LLC"
domain_name_tui,"tui","generic","TUI AG"
domain_name_tunes,"tunes","generic","Amazon Registry Services, Inc."
domain_name_tushu,"tushu","generic","Amazon Registry Services, Inc."
domain_name_tv,"tv","country-code","Ministry of Justice, Communications and Foreign Affairs"
domain_name_tvs,"tvs","generic","T V SUNDRAM IYENGAR & SONS PRIVATE LIMITED"
domain_name_tw,"tw","country-code","Taiwan Network Information Center (TWNIC)"
domain_name_tz,"tz","country-code","Tanzania Communications Regulatory Authority"
domain_name_ua,"ua","country-code","Hostmaster Ltd."
domain_name_ubank,"ubank","generic","National Australia Bank Limited"
domain_name_ubs,"ubs","generic","UBS AG"
domain_name_uconnect,"uconnect","generic","Not assigned"
domain_name_ug,"ug","country-code","Uganda Online Ltd."
domain_name_uk,"uk","country-code","Nominet UK"
domain_name_um,"um","country-code","Not assigned"
domain_name_unicom,"unicom","generic","China United Network Communications Corporation Limited"
domain_name_university,"university","generic","Binky Moon, LLC"
domain_name_uno,"uno","generic","Radix FZC"
domain_name_uol,"uol","generic","UBN INTERNET LTDA."
domain_name_ups,"ups","generic","UPS Market Driver, Inc."
domain_name_us,"us","country-code","Registry Services, LLC"
domain_name_uy,"uy","country-code","SeCIU - Universidad de la Republica"
domain_name_uz,"uz","country-code","Single Integrator for Creation and Support of State Information SystemsUZINFOCOM"
domain_name_va,"va","country-code","Holy See - Vatican City State"
domain_name_vacations,"vacations","generic","Binky Moon, LLC"
domain_name_vana,"vana","generic","Lifestyle Domain Holdings, Inc."
domain_name_vanguard,"vanguard","generic","The Vanguard Group, Inc."
domain_name_vc,"vc","country-code","Ministry of Telecommunications, Science, Technology and Industry"
domain_name_ve,"ve","country-code","Comisión Nacional de Telecomunicaciones (CONATEL)"
domain_name_vegas,"vegas","generic","Dot Vegas, Inc."
domain_name_ventures,"ventures","generic","Binky Moon, LLC"
domain_name_verisign,"verisign","generic","VeriSign, Inc."
domain_name_versicherung,"versicherung","generic","tldbox GmbH"
domain_name_vet,"vet","generic","Dog Beach, LLC"
domain_name_vg,"vg","country-code","Telecommunications Regulatory Commission of the Virgin Islands"
domain_name_vi,"vi","country-code","Virgin Islands Public Telecommunications System, Inc."
domain_name_viajes,"viajes","generic","Binky Moon, LLC"
domain_name_video,"video","generic","Dog Beach, LLC"
domain_name_vig,"vig","generic","VIENNA INSURANCE GROUP AG Wiener Versicherung Gruppe"
domain_name_viking,"viking","generic","Viking River Cruises (Bermuda) Ltd."
domain_name_villas,"villas","generic","Binky Moon, LLC"
domain_name_vin,"vin","generic","Binky Moon, LLC"
domain_name_vip,"vip","generic","Registry Services, LLC"
domain_name_virgin,"virgin","generic","Virgin Enterprises Limited"
domain_name_visa,"visa","generic","Visa Worldwide Pte. Limited"
domain_name_vision,"vision","generic","Binky Moon, LLC"
domain_name_vista,"vista","generic","Not assigned"
domain_name_vistaprint,"vistaprint","generic","Not assigned"
domain_name_viva,"viva","generic","Saudi Telecom Company"
domain_name_vivo,"vivo","generic","Telefonica Brasil S.A."
domain_name_vlaanderen,"vlaanderen","generic","DNS.be vzw"
domain_name_vn,"vn","country-code","Viet Nam Internet Network Information Center (VNNIC)"
domain_name_vodka,"vodka","generic","Registry Services, LLC"
domain_name_volkswagen,"volkswagen","generic","Volkswagen Group of America Inc."
domain_name_volvo,"volvo","generic","Volvo Holding Sverige Aktiebolag"
domain_name_vote,"vote","generic","Monolith Registry LLC"
domain_name_voting,"voting","generic","Valuetainment Corp."
domain_name_voto,"voto","generic","Monolith Registry LLC"
domain_name_voyage,"voyage","generic","Binky Moon, LLC"
domain_name_vu,"vu","country-code","Telecommunications Radiocommunications and Broadcasting Regulator (TRBR)"
domain_name_vuelos,"vuelos","generic","Travel Reservations SRL"
domain_name_wales,"wales","generic","Nominet UK"
domain_name_walmart,"walmart","generic","Wal-Mart Stores, Inc."
domain_name_walter,"walter","generic","Sandvik AB"
domain_name_wang,"wang","generic","Zodiac Wang Limited"
domain_name_wanggou,"wanggou","generic","Amazon Registry Services, Inc."
domain_name_warman,"warman","generic","Not assigned"
domain_name_watch,"watch","generic","Binky Moon, LLC"
domain_name_watches,"watches","generic","Afilias Limited"
domain_name_weather,"weather","generic","International Business Machines Corporation"
domain_name_weatherchannel,"weatherchannel","generic","International Business Machines Corporation"
domain_name_webcam,"webcam","generic","dot Webcam Limited"
domain_name_weber,"weber","generic","Saint-Gobain Weber SA"
domain_name_website,"website","generic","Radix FZC"
domain_name_wed,"wed","generic","Emergency Back-End Registry Operator Program - ICANN"
domain_name_wedding,"wedding","generic","Registry Services, LLC"
domain_name_weibo,"weibo","generic","Sina Corporation"
domain_name_weir,"weir","generic","Weir Group IP Limited"
domain_name_wf,"wf","country-code","Association Française pour le Nommage Internet en Coopération (A.F.N.I.C.)"
domain_name_whoswho,"whoswho","generic","Who's Who Registry"
domain_name_wien,"wien","generic","punkt.wien GmbH"
domain_name_wiki,"wiki","generic","Top Level Design, LLC"
domain_name_williamhill,"williamhill","generic","William Hill Organization Limited"
domain_name_win,"win","generic","First Registry Limited"
domain_name_windows,"windows","generic","Microsoft Corporation"
domain_name_wine,"wine","generic","Binky Moon, LLC"
domain_name_winners,"winners","generic","The TJX Companies, Inc."
domain_name_wme,"wme","generic","William Morris Endeavor Entertainment, LLC"
domain_name_wolterskluwer,"wolterskluwer","generic","Wolters Kluwer N.V."
domain_name_woodside,"woodside","generic","Woodside Petroleum Limited"
domain_name_work,"work","generic","Registry Services, LLC"
domain_name_works,"works","generic","Binky Moon, LLC"
domain_name_world,"world","generic","Binky Moon, LLC"
domain_name_wow,"wow","generic","Amazon Registry Services, Inc."
domain_name_ws,"ws","country-code","Government of Samoa Ministry of Foreign Affairs & Trade"
domain_name_wtc,"wtc","generic","World Trade Centers Association, Inc."
domain_name_wtf,"wtf","generic","Binky Moon, LLC"
domain_name_xbox,"xbox","generic","Microsoft Corporation"
domain_name_xerox,"xerox","generic","Xerox DNHC LLC"
domain_name_xfinity,"xfinity","generic","Comcast IP Holdings I, LLC"
domain_name_xihuan,"xihuan","generic","QIHOO 360 TECHNOLOGY CO. LTD."
domain_name_xin,"xin","generic","Elegant Leader Limited"
domain_name_xperia,"xperia","generic","Not assigned"
domain_name_xxx,"xxx","sponsored","ICM Registry LLC"
domain_name_xyz,"xyz","generic","XYZ.COM LLC"
domain_name_yachts,"yachts","generic","XYZ.COM LLC"
domain_name_yahoo,"yahoo","generic","OATH INC"
domain_name_yamaxun,"yamaxun","generic","Amazon Registry Services, Inc."
domain_name_yandex,"yandex","generic","Yandex Europe B.V."
domain_name_ye,"ye","country-code","TeleYemen"
domain_name_yodobashi,"yodobashi","generic","YODOBASHI CAMERA CO.,LTD."
domain_name_yoga,"yoga","generic","Registry Services, LLC"
domain_name_yokohama,"yokohama","generic","GMO Registry, Inc."
domain_name_you,"you","generic","Amazon Registry Services, Inc."
domain_name_youtube,"youtube","generic","Charleston Road Registry Inc."
domain_name_yt,"yt","country-code","Association Française pour le Nommage Internet en Coopération (A.F.N.I.C.)"
domain_name_yun,"yun","generic","QIHOO 360 TECHNOLOGY CO. LTD."
domain_name_za,"za","country-code","ZA Domain Name Authority"
domain_name_zappos,"zappos","generic","Amazon Registry Services, Inc."
domain_name_zara,"zara","generic","Industria de Diseño Textil, S.A. (INDITEX, S.A.)"
domain_name_zero,"zero","generic","Amazon Registry Services, Inc."
domain_name_zip,"zip","generic","Charleston Road Registry Inc."
domain_name_zippo,"zippo","generic","Not assigned"
domain_name_zm,"zm","country-code","Zambia Information and Communications Technology Authority (ZICTA)"
domain_name_zone,"zone","generic","Binky Moon, LLC"
domain_name_zuerich,"zuerich","generic","Kanton Zürich (Canton of Zurich)"
domain_name_zw,"zw","country-code","Postal and Telecommunications Regulatory Authority of Zimbabwe (POTRAZ)"